ts_code,stk_code,conv_price,maturity_date,list_date,bond_short_name,par
125002.SZ,000002.SZ,5.85,20070613,20020628,万科转债,100.0
125009.SZ,000009.SZ,19.392,19960101,19930210,宝安转券,1.0
125069.SZ,000069.SZ,6.15,20061231,20040116,侨城转债,100.0
125301.SZ,000301.SZ,4.1,20030828,19980915,丝绸转债,100.0
126301.SZ,000301.SZ,3.0,20070909,20020924,丝绸转2,100.0
125629.SZ,000629.SZ,5.64,20080122,20030217,钢钒转债,100.0
125630.SZ,000630.SZ,4.45,20080521,20030604,铜都转债,100.0
125729.SZ,000729.SZ,7.06,20071016,20021031,燕京转债,100.0
125898.SZ,000898.SZ,2.83,20050315,20000417,鞍钢转债,100.0
125930.SZ,000930.SZ,2.4,20080424,20030520,丰原转债,100.0
125936.SZ,000936.SZ,2.7,20080901,20030916,华西转债,100.0
125959.SZ,000959.SZ,2.97,20081216,20031231,首钢转债,100.0
125302.SZ,,,20040728,19990817,茂炼转债,100.0
110001.SH,600001.SH,3.36,20081126,20031211,邯钢转债,100.0
100009.SH,600009.SH,7.69,20050225,20000316,机场转债,100.0
100016.SH,600016.SH,2.39,20080227,20030318,民生转债,100.0
110037.SH,600037.SH,7.47,20090512,20040528,歌华转债,100.0
100087.SH,600087.SH,5.41,20070813,20020828,水运转债,100.0
100096.SH,600096.SH,5.8,20060910,20030925,云化转债,100.0
100117.SH,600117.SH,4.85,20080811,20030826,西钢转债,100.0
100177.SH,600177.SH,3.35,20060403,20030421,雅戈转债,100.0
100196.SH,600196.SH,5.03,20081028,20031117,复星转债,100.0
100220.SH,600220.SH,3.8,20050418,20020516,阳光转债,100.0
100236.SH,600236.SH,5.77,20080630,20030715,桂冠转债,100.0
100001.SH,600301.SH,4.56,20030803,19980902,南化转债,100.0
110317.SH,600317.SH,6.99,20090520,20040603,营港转债,100.0
110418.SH,600418.SH,3.32,20090415,20040429,江淮转债,100.0
100567.SH,600567.SH,2.46,20080616,20030701,山鹰转债,100.0
100726.SH,600726.SH,3.1,20080603,20030618,华电转债,100.0
100795.SH,600795.SH,6.59,20080718,20030801,国电转债,100.0
126002.SZ,000002.SZ,3.55,20090924,20041018,万科转2,100.0
125488.SZ,000488.SZ,5.5,20090915,20040930,晨鸣转债,100.0
125822.SZ,000822.SZ,4.5,20090907,20040923,海化转债,100.0
125932.SZ,000932.SZ,4.3,20090716,20040803,华菱转债,100.0
125937.SZ,000937.SZ,4.4,20090811,20040826,金牛转债,100.0
110010.SH,600010.SH,1.69,20091110,20041125,包钢转债,100.0
110036.SH,600036.SH,4.42,20091110,20041129,招行转债,100.0
110219.SH,600219.SH,4.12,20091019,20041103,南山转债,100.0
110874.SH,600874.SH,3.82,20090701,20040719,创业转债,100.0
110325.SH,600325.SH,7.68,20110727,20060811,华发转债,100.0
110423.SH,600423.SH,9.86,20110728,20060810,柳化转债,100.0
110398.SH,600398.SH,4.96,20110815,20060830,凯诺转债,100.0
125024.SZ,000024.SZ,13.09,20110830,20060911,招商转债,100.0
110488.SH,600488.SH,4.33,20121025,20061110,天药转债,100.0
110232.SH,600232.SH,3.57,20101120,20061206,金鹰转债,100.0
110021.SH,600021.SH,4.43,20111201,20061219,上电转债,100.0
128031.SZ,002031.SZ,7.37,20120108,20070119,巨轮转债,100.0
125717.SZ,000717.SZ,4.68,20120206,20070302,韶钢转债,100.0
110078.SH,600078.SH,10.53,20120510,20070525,澄星转债,100.0
125960.SZ,000960.SZ,21.35,20120514,20070529,锡业转债,100.0
110026.SH,600026.SH,25.31,20120702,20070712,中海转债,100.0
110567.SH,600567.SH,4.24,20120905,20070917,山鹰转债,100.0
110971.SH,600971.SH,12.88,20120924,20071012,恒源转债,100.0
110227.SH,600227.SH,6.84,20121010,20071023,赤化转债,100.0
125709.SZ,000709.SZ,7.57,20121214,20071228,唐钢转债,100.0
110598.SH,600598.SH,9.81,20121219,20071228,大荒转债,100.0
125572.SZ,000572.SZ,3.6,20130116,20080130,海马转债,100.0
110368.SH,600368.SH,4.73,20130228,20080314,五洲转债,100.0
125528.SZ,000528.SZ,9.57,20140418,20080506,柳工转债,100.0
110002.SH,600219.SH,8.42,20130418,20080513,南山转债,100.0
110003.SH,600782.SH,5.41,20130821,20080905,新钢转债,100.0
110004.SH,600815.SH,7.45,20140828,20090911,厦工转债,100.0
110005.SH,600558.SH,14.55,20140903,20090921,西洋转债,100.0
110006.SH,600352.SH,8.9,20140914,20090925,龙盛转债,100.0
125969.SZ,000969.SZ,12.33,20150916,20091012,安泰转债,100.0
110007.SH,600966.SH,5.74,20140923,20091016,博汇转债,100.0
110008.SH,600859.SH,33.26,20151019,20091030,王府转债,100.0
110009.SH,600481.SH,12.58,20150504,20100514,双良转债,100.0
113001.SH,601988.SH,2.62,20160602,20100618,中行转债,100.0
125731.SZ,000731.SZ,7.06,20150602,20100625,美丰转债,100.0
126630.SZ,000630.SZ,15.68,20160715,20100806,铜陵转债,100.0
128233.SZ,002233.SZ,6.62,20150826,20100916,塔牌转债,100.0
113002.SH,601398.SH,3.27,20160831,20100910,工行转债,100.0
126729.SZ,000729.SZ,7.22,20151015,20101103,燕京转债,100.0
110011.SH,600037.SH,14.69,20161125,20101210,歌华转债,100.0
110012.SH,600798.SH,4.5,20160107,20110120,海运转债,100.0
110013.SH,600886.SH,2.91,20170125,20110215,国投转债,100.0
125887.SZ,000887.SZ,6.9,20160211,20110301,中鼎转债,100.0
110015.SH,600028.SH,4.89,20170223,20110307,石化转债,100.0
110016.SH,600674.SH,9.02,20170321,20110331,川投转债,100.0
125089.SZ,000089.SZ,5.54,20170715,20110810,深机转债,100.0
129031.SZ,002031.SZ,5.47,20160719,20110804,巨轮转2,100.0
110017.SH,600026.SH,6.24,20170801,20110812,中海转债,100.0
110018.SH,600795.SH,2.27,20170819,20110902,国电转债,100.0
110019.SH,600356.SH,6.67,20170323,20120412,恒丰转债,100.0
113003.SH,601989.SH,4.74,20180604,20120618,重工转债,100.0
110020.SH,600219.SH,6.65,20181016,20121031,南山转债,100.0
110022.SH,600085.SH,17.27,20171204,20121218,同仁转债,100.0
127001.SZ,000099.SZ,6.98,20181219,20130107,海直转债,100.0
128001.SZ,002347.SZ,8.49,20180109,20130128,泰尔转债,100.0
110023.SH,600016.SH,8.105,20190315,20130329,民生转债,100.0
128002.SZ,002065.SZ,11.78,20190726,20130819,东华转债,100.0
128003.SZ,002185.SZ,9.74,20190812,20130828,华天转债,100.0
110024.SH,600820.SH,4.71,20190913,20130930,隧道转债,100.0
127002.SZ,000425.SZ,8.36,20191025,20131115,徐工转债,100.0
113005.SH,601318.SH,41.22,20191122,20131209,平安转债,100.0
113006.SH,601139.SH,8.32,20191213,20131227,深燃转债,100.0
128004.SZ,002318.SZ,19.76,20200225,20140314,久立转债,100.0
128005.SZ,002408.SZ,14.34,20190418,20140513,齐翔转债,100.0
110025.SH,600109.SH,9.99,20200514,20140603,国金转债,100.0
128006.SZ,002391.SZ,13.48,20200620,20140709,长青转债,100.0
110027.SH,600875.SH,12.0,20200710,20140725,东方转债,100.0
110028.SH,600067.SH,6.2,20200718,20140801,冠城转债,100.0
128007.SZ,002491.SZ,5.75,20200815,20140905,通鼎转债,100.0
113007.SH,601929.SH,12.03,20200905,20140925,吉视转债,100.0
128008.SZ,002521.SZ,10.2,20190915,20141010,齐峰转债,100.0
110029.SH,600023.SH,5.66,20201013,20141028,浙能转债,100.0
113501.SH,603993.SH,8.78,20201202,20141216,洛钼转债,100.0
128009.SZ,002241.SZ,13.04,20201212,20141226,歌尔转债,100.0
110030.SH,600185.SH,5.0,20191225,20150113,格力转债,100.0
113008.SH,601727.SH,5.13,20210202,20150216,电气转债,100.0
110031.SH,600271.SH,21.56,20210612,20150630,航信转债,100.0
123001.SZ,300058.SZ,4.28,20211218,20160108,蓝标转债,100.0
110032.SH,600031.SH,7.25,20220104,20160118,三一转债,100.0
110033.SH,600755.SH,6.72,20220105,20160119,国贸转债,100.0
110034.SH,600998.SH,17.83,20220115,20160129,九州转债,100.0
113009.SH,601238.SH,13.92,20220122,20160204,广汽转债,100.0
128010.SZ,002245.SZ,9.25,20220122,20160223,蔚蓝转债,100.0
110035.SH,600004.SH,12.56,20210226,20160315,白云转债,100.0
128011.SZ,002510.SZ,5.73,20220302,20160324,汽模转债,100.0
113010.SH,601199.SH,6.02,20220318,20160405,江南转债,100.0
128012.SZ,002496.SZ,4.38,20220421,20160517,辉丰转债,100.0
127003.SZ,000861.SZ,2.99,20220608,20160701,海印转债,100.0
128013.SZ,002325.SZ,2.31,20220729,20160823,洪涛转债,100.0
113011.SH,601818.SH,3.35,20230317,20170405,光大转债,100.0
113012.SH,601311.SH,9.86,20230324,20170413,骆驼转债,100.0
128014.SZ,002753.SZ,9.28,20230417,20170512,永东转债,100.0
127004.SZ,000700.SZ,7.24,20230602,20170626,模塑转债,100.0
128015.SZ,002279.SZ,5.0,20230608,20170627,久其转债,100.0
113013.SH,601211.SH,17.24,20230707,20170724,国君转债,100.0
128016.SZ,002271.SZ,22.4,20230925,20171020,雨虹转债,100.0
145901.SH,832633.SH,30.6,20181016,20171026,17伏泰转,100.0
145900.SH,836149.SH,5.3,20231016,20171024,17旭杰转,100.0
117103.SZ,430263.SZ,5.2,20201016,20171123,蓝天转S1,100.0
113014.SH,601222.SH,8.44,20231027,20171113,林洋转债,100.0
128017.SZ,002597.SZ,20.54,20231101,20171127,金禾转债,100.0
113015.SH,601012.SH,18.66,20231102,20171120,隆基转债,100.0
128018.SZ,002527.SZ,7.36,20231106,20171204,时达转债,100.0
113016.SH,601127.SH,20.17,20231106,20171121,小康转债,100.0
128019.SZ,002318.SZ,7.62,20231108,20171201,久立转2,100.0
113502.SH,603822.SH,44.36,20231110,20171127,嘉澳转债,100.0
110038.SH,600566.SH,22.67,20221113,20171129,济川转债,100.0
110039.SH,600845.SH,18.19,20231117,20171205,宝信转债,100.0
128020.SZ,002273.SZ,12.23,20231117,20171212,水晶转债,100.0
123002.SZ,300388.SZ,8.06,20231124,20171225,国祯转债,100.0
110040.SH,600183.SH,11.27,20231124,20171211,生益转债,100.0
128021.SZ,002562.SZ,4.25,20231128,20171227,兄弟转债,100.0
128022.SZ,002707.SZ,5.95,20231201,20171228,众信转债,100.0
128023.SZ,002284.SZ,10.24,20231204,20171226,亚太转债,100.0
128024.SZ,002142.SZ,17.7,20231205,20180112,宁行转债,100.0
128025.SZ,002728.SZ,9.21,20231206,20171228,特一转债,100.0
123003.SZ,300433.SZ,10.44,20231208,20180117,蓝思转债,100.0
128026.SZ,002772.SZ,8.75,20231213,20180103,众兴转债,100.0
128027.SZ,002815.SZ,14.76,20231215,20180122,崇达转债,100.0
113503.SH,603738.SH,17.9,20231215,20180102,泰晶转债,100.0
121001.SZ,,6.0,20181212,20171229,价值转S,100.0
123004.SZ,300197.SZ,2.44,20231218,20180126,铁汉转债,100.0
123005.SZ,300168.SZ,13.07,20231219,20180130,万信转债,100.0
123006.SZ,300059.SZ,11.36,20231220,20180129,东财转债,100.0
128028.SZ,002460.SZ,41.68,20231221,20180119,赣锋转债,100.0
128029.SZ,002078.SZ,8.25,20221222,20180116,太阳转债,100.0
128030.SZ,002100.SZ,7.18,20231222,20180129,天康转债,100.0
110041.SH,600863.SH,2.56,20231222,20180109,蒙电转债,100.0
128032.SZ,002472.SZ,9.87,20231225,20180125,双环转债,100.0
110042.SH,600372.SH,14.12,20231225,20180115,航电转债,100.0
113017.SH,601929.SH,2.11,20231227,20180115,吉视转债,100.0
128033.SZ,002658.SZ,7.87,20231227,20180129,迪龙转债,100.0
123007.SZ,300409.SZ,14.5,20231228,20180126,道氏转债,100.0
113018.SH,601128.SH,5.76,20240119,20180206,常熟转债,100.0
128034.SZ,002807.SZ,3.96,20240126,20180214,江银转债,100.0
110043.SH,600908.SH,5.43,20240130,20180314,无锡转债,100.0
123008.SZ,300601.SZ,31.23,20240201,20180319,康泰转债,100.0
128035.SZ,002008.SZ,51.59,20240206,20180305,大族转债,100.0
145951.SH,833330.SH,23.0,20240223,20180305,18君实转,100.0
113019.SH,601966.SH,18.12,20230301,20180322,玲珑转债,100.0
113504.SH,603989.SH,20.21,20240302,20180323,艾华转债,100.0
113505.SH,603618.SH,5.93,20240306,20180327,杭电转债,100.0
123009.SZ,300568.SZ,26.64,20240307,20180410,星源转债,100.0
128036.SZ,002548.SZ,6.81,20240309,20180402,金农转债,100.0
127005.SZ,000783.SZ,6.71,20240312,20180411,长证转债,100.0
127006.SZ,000623.SZ,14.21,20240313,20180511,敖东转债,100.0
128037.SZ,002542.SZ,2.29,20240315,20180425,岩土转债,100.0
128038.SZ,002131.SZ,1.72,20240322,20180419,利欧转债,100.0
113506.SH,603421.SH,21.65,20240416,20180514,鼎信转债,100.0
113507.SH,603668.SH,7.32,20240417,20180507,天马转债,100.0
113508.SH,603225.SH,15.65,20240426,20180516,新凤转债,100.0
121002.SZ,838641.SZ,6.04,20210427,20180611,合佳转S1,100.0
113509.SH,603179.SH,15.25,20240604,20180622,新泉转债,100.0
121003.SZ,837770.SZ,6.5,20200604,20180628,紫科转S1,100.0
128039.SZ,002224.SZ,5.43,20240608,20180629,三力转债,100.0
128040.SZ,002758.SZ,9.74,20240614,20180713,华通转债,100.0
113510.SH,603601.SH,8.59,20240619,20180713,再升转债,100.0
113511.SH,603027.SH,18.31,20240620,20180710,千禾转债,100.0
110044.SH,600831.SH,4.41,20240627,20180724,广电转债,100.0
127007.SZ,000665.SZ,3.79,20240628,20180801,湖广转债,100.0
123010.SZ,300422.SZ,4.67,20240705,20180814,博世转债,100.0
113512.SH,603228.SH,49.85,20240706,20180724,景旺转债,100.0
113513.SH,603345.SH,35.08,20240712,20180731,安井转债,100.0
110045.SH,600398.SH,6.1,20240713,20180731,海澜转债,100.0
128041.SZ,002446.SZ,6.75,20240717,20180814,盛路转债,100.0
123011.SZ,300473.SZ,15.88,20240718,20180814,德尔转债,100.0
113514.SH,603023.SH,3.99,20230720,20180813,威帝转债,100.0
123012.SZ,300057.SZ,5.92,20240720,20180829,万顺转债,100.0
113515.SH,603588.SH,9.33,20240726,20180827,高能转债,100.0
123013.SZ,300539.SZ,8.8,20240726,20180820,横河转债,100.0
123014.SZ,300407.SZ,7.98,20230727,20180821,凯发转债,100.0
128042.SZ,002823.SZ,9.97,20240730,20180903,凯中转债,100.0
128043.SZ,002793.SZ,6.22,20240802,20180827,东音转债,100.0
113516.SH,603323.SH,4.86,20240802,20180820,苏农转债,100.0
113517.SH,603019.SH,36.53,20240806,20180823,曙光转债,100.0
123015.SZ,300297.SZ,0.84,20240813,20180913,蓝盾转退,100.0
128044.SZ,002717.SZ,1.4,20240814,20180904,岭南转债,100.0
128045.SZ,002013.SZ,7.57,20240827,20180914,机电转债,100.0
113518.SH,603816.SH,35.42,20240912,20181009,顾家转债,100.0
128046.SZ,002258.SZ,12.8,20241017,20181109,利尔转债,100.0
128047.SZ,002179.SZ,30.87,20241105,20181207,光电转债,100.0
123016.SZ,300232.SZ,7.82,20241107,20181203,洲明转债,100.0
113519.SH,603569.SH,10.97,20241107,20181130,长久转债,100.0
113520.SH,603313.SH,15.16,20241108,20181126,百合转债,100.0
128048.SZ,002839.SZ,4.13,20241112,20181129,张行转债,100.0
127008.SZ,000070.SZ,5.54,20231116,20181225,特发转债,100.0
113521.SH,603626.SH,8.7,20241116,20181207,科森转债,100.0
113020.SH,601233.SH,12.28,20241119,20181212,桐昆转债,100.0
123017.SZ,300618.SZ,57.4,20241120,20181224,寒锐转债,100.0
110046.SH,600233.SH,10.73,20241120,20181218,圆通转债,100.0
110047.SH,600567.SH,1.54,20241121,20181210,山鹰转债,100.0
113522.SH,603305.SH,29.6,20241122,20181211,旭升转债,100.0
128049.SZ,002787.SZ,7.37,20241127,20181220,华源转债,100.0
110048.SH,600483.SH,5.26,20241207,20181228,福能转债,100.0
113523.SH,603568.SH,17.47,20241210,20181226,伟明转债,100.0
128050.SZ,002865.SZ,14.81,20241210,20181227,钧达转债,100.0
113524.SH,603677.SH,13.33,20241214,20190107,奇精转债,100.0
128051.SZ,002741.SZ,12.72,20241214,20190109,光华转债,100.0
113525.SH,603055.SH,7.61,20241217,20190111,台华转债,100.0
110049.SH,600690.SH,14.2,20241218,20190118,海尔转债,100.0
110050.SH,600728.SH,7.89,20241219,20190121,佳都转债,100.0
123018.SZ,300381.SZ,7.99,20241220,20190123,溢利转债,100.0
128052.SZ,002783.SZ,6.67,20241221,20190121,凯龙转债,100.0
127009.SZ,000811.SZ,5.47,20250114,20190221,冰轮转债,100.0
127010.SZ,000001.SZ,11.63,20250121,20190218,平银转债,100.0
113526.SH,603797.SH,5.72,20250123,20190218,联泰转债,100.0
113527.SH,603518.SH,9.39,20250124,20190219,维格转债,100.0
128053.SZ,002551.SZ,4.88,20250214,20190307,尚荣转债,100.0
128054.SZ,002891.SZ,22.22,20250215,20190314,中宠转债,100.0
123019.SZ,300393.SZ,13.29,20250225,20190322,中来转债,100.0
128055.SZ,002391.SZ,7.41,20250227,20190403,长青转2,100.0
128056.SZ,002863.SZ,4.64,20250228,20190322,今飞转债,100.0
110051.SH,600522.SH,9.99,20250228,20190322,中天转债,100.0
113528.SH,603897.SH,22.35,20250301,20190320,长城转债,100.0
123020.SZ,300497.SZ,9.28,20250301,20190329,富祥转债,100.0
113021.SH,601998.SH,5.59,20250304,20190319,中信转债,100.0
123021.SZ,300168.SZ,13.6,20250304,20190325,万信转2,100.0
110052.SH,600996.SH,7.25,20250305,20190329,贵广转债,100.0
128057.SZ,002649.SZ,8.5,20250305,20190402,博彦转债,100.0
128058.SZ,002139.SZ,5.47,20250307,20190408,拓邦转债,100.0
127011.SZ,000887.SZ,11.39,20250308,20190404,中鼎转2,100.0
128059.SZ,002841.SZ,74.97,20250311,20190402,视源转债,100.0
113529.SH,603517.SH,28.51,20250311,20190402,绝味转债,100.0
113022.SH,601878.SH,12.37,20250312,20190328,浙商转债,100.0
110053.SH,600919.SH,5.48,20250314,20190403,苏银转债,100.0
110055.SH,600197.SH,15.2,20250315,20190404,伊力转债,100.0
110054.SH,600438.SH,12.28,20250318,20190410,通威转债,100.0
123022.SZ,300088.SZ,5.83,20250318,20190410,长信转债,100.0
110056.SH,600487.SH,14.88,20250319,20190416,亨通转债,100.0
123023.SZ,300335.SZ,4.58,20250320,20190416,迪森转债,100.0
123024.SZ,300700.SZ,14.1,20240321,20190417,岱勒转债,100.0
127012.SZ,001965.SZ,7.87,20250322,20190430,招路转债,100.0
128060.SZ,002822.SZ,6.19,20250326,20190415,中装转债,100.0
128061.SZ,002439.SZ,28.29,20250327,20190424,启明转债,100.0
113530.SH,603081.SH,12.95,20250327,20190418,大丰转债,100.0
113531.SH,603883.SH,60.09,20240329,20190422,百姓转债,100.0
123025.SZ,300567.SZ,48.68,20250329,20190419,精测转债,100.0
110057.SH,600420.SH,9.51,20250401,20190430,现代转债,100.0
128062.SZ,002370.SZ,3.0,20250402,20190424,亚药转债,100.0
113532.SH,603817.SH,5.3,20250402,20190424,海环转债,100.0
113533.SH,603233.SH,36.5,20250403,20190424,参林转债,100.0
128063.SZ,002631.SZ,3.57,20250403,20190424,未来转债,100.0
128064.SZ,002538.SZ,5.82,20250408,20190507,司尔转债,100.0
113024.SH,601611.SH,9.12,20250408,20190426,核建转债,100.0
113534.SH,603876.SH,7.61,20250409,20190430,鼎胜转债,100.0
113025.SH,601677.SH,7.99,20250410,20190507,明泰转债,100.0
113026.SH,601985.SH,5.73,20250415,20190508,核能转债,100.0
127013.SZ,000810.SZ,11.19,20250415,20190516,创维转债,100.0
128065.SZ,002497.SZ,9.43,20250416,20190510,雅化转债,100.0
110058.SH,600105.SH,3.74,20250416,20190508,永鼎转债,100.0
128066.SZ,002811.SZ,8.39,20250417,20190514,亚泰转债,100.0
128067.SZ,002727.SZ,26.83,20250419,20190517,一心转债,100.0
113535.SH,603278.SH,9.59,20240509,20190603,大业转债,100.0
113536.SH,603578.SH,13.76,20250531,20190624,三星转债,100.0
128068.SZ,002402.SZ,9.1,20250604,20190701,和而转债,100.0
113537.SH,603348.SH,19.5,20250610,20190705,文灿转债,100.0
123026.SZ,300692.SZ,12.51,20240610,20190701,中环转债,100.0
123027.SZ,300487.SZ,19.07,20250611,20190704,蓝晓转债,100.0
113027.SH,601020.SH,7.26,20250614,20190710,华钰转债,100.0
113028.SH,601200.SH,10.36,20250618,20190708,环境转债,100.0
123028.SZ,300437.SZ,11.84,20250619,20190715,清水转债,100.0
128069.SZ,002907.SZ,17.97,20250624,20190711,华森转债,100.0
113538.SH,603658.SH,64.11,20250628,20190722,安图转债,100.0
128070.SZ,002877.SZ,8.26,20250702,20190723,智能转债,100.0
113539.SH,603079.SH,28.78,20250703,20190726,圣达转债,100.0
113540.SH,603636.SH,10.13,20250715,20190805,南威转债,100.0
113541.SH,603165.SH,10.49,20250723,20190813,荣晟转债,100.0
113542.SH,603898.SH,10.92,20250801,20190823,好客转债,100.0
113543.SH,603833.SH,70.49,20250816,20190904,欧派转债,100.0
123029.SZ,300677.SZ,3.42,20250816,20190910,英科转债,100.0
128071.SZ,002228.SZ,3.1,20250816,20190916,合兴转债,100.0
128072.SZ,002842.SZ,5.73,20250820,20190916,翔鹭转债,100.0
123030.SZ,300040.SZ,4.0,20250820,20190912,九洲转债,100.0
128073.SZ,002615.SZ,5.55,20240822,20190911,哈尔转债,100.0
123031.SZ,300655.SZ,3.79,20250829,20190926,晶瑞转债,100.0
113544.SH,603866.SH,46.54,20250920,20191015,桃李转债,100.0
128074.SZ,002174.SZ,10.1,20250923,20191021,游族转债,100.0
128075.SZ,002406.SZ,5.11,20250923,20191031,远东转债,100.0
123032.SZ,300591.SZ,6.89,20251011,20191031,万里转债,100.0
113545.SH,603113.SH,7.39,20251014,20191107,金能转债,100.0
128076.SZ,002722.SZ,13.34,20251014,20191108,金轮转债,100.0
128077.SZ,002928.SZ,6.96,20251016,20191107,华夏转债,100.0
128079.SZ,002846.SZ,8.29,20251021,20191121,英联转债,100.0
128078.SZ,002368.SZ,22.02,20251021,20191108,太极转债,100.0
113546.SH,603320.SH,11.93,20251023,20191121,迪贝转债,100.0
113547.SH,603612.SH,10.52,20251024,20191122,索发转债,100.0
127014.SZ,000065.SZ,7.65,20251024,20191121,北方转债,100.0
110059.SH,600000.SH,12.51,20251028,20191115,浦发转债,100.0
110060.SH,600326.SH,4.17,20251028,20191128,天路转债,100.0
113548.SH,603688.SH,14.69,20251028,20191122,石英转债,100.0
123033.SZ,300748.SZ,25.3,20251101,20191125,金力转债,100.0
123034.SZ,300265.SZ,7.88,20251104,20191128,通光转债,100.0
110061.SH,600674.SH,8.4,20251111,20191202,川投转债,100.0
123035.SZ,300296.SZ,4.27,20251114,20191209,利德转债,100.0
113549.SH,603861.SH,7.63,20251115,20191211,白电转债,100.0
113550.SH,603035.SH,9.33,20251118,20191212,常汽转债,100.0
113551.SH,603806.SH,28.92,20251118,20191211,福特转债,100.0
128080.SZ,002352.SZ,40.15,20251118,20191209,顺丰转债,100.0
128081.SZ,002203.SZ,9.2,20251121,20191216,海亮转债,100.0
113552.SH,603960.SH,19.78,20251202,20191219,克来转债,100.0
110062.SH,600498.SH,21.71,20251202,20191225,烽火转债,100.0
128082.SZ,002806.SZ,8.7,20251204,20200106,华锋转债,100.0
123036.SZ,300450.SZ,38.97,20251211,20200110,先导转债,100.0
128083.SZ,002376.SZ,5.4,20251212,20191231,新北转债,100.0
113553.SH,603180.SH,44.14,20251213,20200107,金牌转债,100.0
110063.SH,600567.SH,1.76,20251213,20200103,鹰19转债,100.0
113029.SH,601615.SH,12.8,20251216,20200107,明阳转债,100.0
128084.SZ,002745.SZ,12.8,20251216,20200110,木森转债,100.0
113554.SH,603733.SH,13.27,20251216,20200110,仙鹤转债,100.0
128085.SZ,002002.SZ,3.91,20251216,20200108,鸿达转债,100.0
128086.SZ,002074.SZ,12.19,20251217,20200110,国轩转债,100.0
128087.SZ,002083.SZ,3.88,20251217,20200116,孚日转债,100.0
113557.SH,603098.SH,10.11,20251219,20200110,森特转债,100.0
113555.SH,603301.SH,14.01,20251219,20200114,振德转债,100.0
123037.SZ,300260.SZ,11.08,20251219,20200122,新莱转债,100.0
113556.SH,603690.SH,29.28,20251220,20200109,至纯转债,100.0
110064.SH,600939.SH,4.07,20251220,20200116,建工转债,100.0
113558.SH,603218.SH,13.84,20251223,20200114,日月转债,100.0
110065.SH,600985.SH,8.68,20251223,20200113,淮矿转债,100.0
113559.SH,603901.SH,10.32,20251223,20200110,永创转债,100.0
113030.SH,601515.SH,3.1,20251224,20200120,东风转债,100.0
128088.SZ,002916.SZ,105.79,20251224,20200116,深南转债,100.0
123038.SZ,300545.SZ,23.55,20251225,20200122,联得转债,100.0
123039.SZ,300577.SZ,29.15,20251226,20200123,开润转债,100.0
128089.SZ,002851.SZ,20.15,20251226,20200121,麦米转债,100.0
128090.SZ,002510.SZ,4.2,20251227,20200123,汽模转2,100.0
110800.SH,603283.SH,18.25,20221224,20201224,赛腾定转,100.0
128092.SZ,002567.SZ,8.63,20251230,20200122,唐人转债,100.0
128091.SZ,002873.SZ,8.05,20251230,20200117,新天转债,100.0
113561.SH,603089.SH,8.4,20251231,20200210,正裕转债,100.0
113562.SH,603659.SH,83.54,20250102,20200204,璞泰转债,100.0
128093.SZ,002455.SZ,5.77,20260103,20200121,百川转债,100.0
123040.SZ,300003.SZ,32.19,20250103,20200123,乐普转债,100.0
127015.SZ,000876.SZ,10.59,20260103,20200204,希望转债,100.0
113031.SH,601137.SH,11.29,20250110,20200217,博威转债,100.0
123041.SZ,300059.SZ,13.13,20260113,20200214,东财转2,100.0
123042.SZ,300619.SZ,23.59,20260114,20200214,银河转债,100.0
128094.SZ,002860.SZ,13.8,20260116,20200219,星帅转债,100.0
113563.SH,603368.SH,21.18,20260116,20200224,柳药转债,100.0
124004.SZ,002579.SZ,8.1,20260120,20220829,中京定转,100.0
128096.SZ,002701.SZ,4.5,20260211,20200316,奥瑞转债,100.0
128095.SZ,002812.SZ,32.01,20260211,20200228,恩捷转债,100.0
128097.SZ,002614.SZ,9.35,20260225,20200318,奥佳转债,100.0
113565.SH,603336.SH,5.85,20260226,20200316,宏辉转债,100.0
124005.SZ,002579.SZ,8.42,20260221,20220829,中京定02,100.0
113566.SH,603499.SH,10.74,20260228,20200331,翔港转债,100.0
113564.SH,603136.SH,23.1,20260228,20200316,天目转债,100.0
113032.SH,601233.SH,14.35,20260302,20200320,桐20转债,100.0
110066.SH,600711.SH,4.87,20260302,20200331,盛屯转债,100.0
113567.SH,603617.SH,7.45,20260304,20200403,君禾转债,100.0
128098.SZ,002773.SZ,35.3,20260305,20200331,康弘转债,100.0
123043.SZ,300645.SZ,15.38,20260305,20200331,正元转债,100.0
113568.SH,603667.SH,8.75,20260306,20200402,新春转债,100.0
113569.SH,603660.SH,6.38,20260309,20200408,科达转债,100.0
113570.SH,603331.SH,11.09,20260311,20200408,百达转债,100.0
128099.SZ,002641.SZ,6.16,20260311,20200410,永高转债,100.0
110067.SH,600909.SH,5.78,20260312,20200409,华安转债,100.0
113571.SH,603916.SH,18.88,20260312,20200401,博特转债,100.0
113572.SH,603663.SH,14.09,20260312,20200409,三祥转债,100.0
123044.SZ,300427.SZ,3.7,20260312,20200413,红相转债,100.0
123045.SZ,300652.SZ,19.33,20260312,20200413,雷迪转债,100.0
128100.SZ,002503.SZ,1.6,20260312,20200409,搜特转债,100.0
128101.SZ,002036.SZ,11.18,20260316,20200413,联创转债,100.0
124006.SZ,000661.SZ,79.08,20260311,20241209,高新定转,100.0
128102.SZ,002311.SZ,34.74,20260319,20200416,海大转债,100.0
123046.SZ,300587.SZ,3.91,20260319,20200417,天铁转债,100.0
123047.SZ,300631.SZ,17.43,20260320,20200417,久吾转债,100.0
110068.SH,600388.SH,9.92,20260324,20200415,龙净转债,100.0
128103.SZ,002360.SZ,5.08,20260326,20200421,同德转债,100.0
113574.SH,603679.SH,13.49,20260331,20200427,华体转债,100.0
113033.SH,601366.SH,4.84,20260401,20200421,利群转债,100.0
110069.SH,600323.SH,20.2,20260407,20200507,瀚蓝转债,100.0
128104.SZ,002831.SZ,23.24,20260407,20200428,裕同转债,100.0
113575.SH,603377.SH,4.42,20260409,20200430,东时转债,100.0
127016.SZ,000726.SZ,8.39,20260409,20200513,鲁泰转债,100.0
128105.SZ,002616.SZ,5.15,20260409,20200513,长集转债,100.0
113034.SH,601678.SH,4.58,20260410,20200430,滨化转债,100.0
113576.SH,603557.SH,1.75,20260410,20200507,起步转债,100.0
128106.SZ,002840.SZ,8.82,20260410,20200508,华统转债,100.0
123048.SZ,300527.SZ,7.06,20260410,20200511,应急转债,100.0
110070.SH,600231.SH,1.97,20260413,20200513,凌钢转债,100.0
123049.SZ,300190.SZ,3.55,20260413,20200512,维尔转债,100.0
113577.SH,603890.SH,10.5,20260414,20200513,春秋转债,100.0
123050.SZ,300303.SZ,4.77,20260414,20200515,聚飞转债,100.0
113573.SH,603602.SH,12.45,20260417,20200522,纵横转债,100.0
113578.SH,603030.SH,3.2,20260420,20200519,全筑转债,100.0
128107.SZ,002061.SZ,5.08,20260422,20200522,交科转债,100.0
113580.SH,603665.SH,15.51,20260423,20200520,康隆转债,100.0
113579.SH,603707.SH,24.34,20260423,20200522,健友转债,100.0
113581.SH,603906.SH,9.48,20260423,20200519,龙蟠转债,100.0
110801.SH,603997.SH,7.21,20251118,20221226,继峰定01,100.0
110802.SH,603997.SH,7.03,20251118,20201224,继峰定02,100.0
110803.SH,603977.SH,7.08,20240228,20220610,国泰定01,100.0
113035.SH,601865.SH,14.15,20260527,20200617,福莱转债,100.0
113582.SH,603678.SH,23.89,20260527,20200623,火炬转债,100.0
128108.SZ,002382.SZ,8.5,20260528,20200619,蓝帆转债,100.0
113583.SH,603939.SH,71.82,20260601,20200622,益丰转债,100.0
127017.SZ,000789.SZ,8.53,20260603,20200702,万青转债,100.0
123051.SZ,300532.SZ,8.7,20260604,20200630,今天转债,100.0
128109.SZ,002171.SZ,6.1,20260604,20200623,楚江转债,100.0
113584.SH,603708.SH,12.45,20260605,20200624,家悦转债,100.0
123052.SZ,300665.SZ,6.08,20260605,20200703,飞鹿转债,100.0
123053.SZ,300031.SZ,20.73,20260605,20200701,宝通转债,100.0
113586.SH,603185.SH,33.3,20260609,20200707,上机转债,100.0
113585.SH,603896.SH,21.64,20260609,20200707,寿仙转债,100.0
128110.SZ,002756.SZ,17.06,20260609,20200708,永兴转债,100.0
123054.SZ,300608.SZ,9.88,20260610,20200706,思特转债,100.0
128111.SZ,002738.SZ,10.63,20260611,20200707,中矿转债,100.0
128112.SZ,002241.SZ,23.27,20260612,20200713,歌尔转2,100.0
113587.SH,603039.SH,64.33,20260615,20200714,泛微转债,100.0
128113.SZ,002832.SZ,14.6,20260615,20200715,比音转债,100.0
128114.SZ,002157.SZ,3.06,20260617,20200715,正邦转债,100.0
113588.SH,603108.SH,12.97,20260617,20200713,润达转债,100.0
123055.SZ,300138.SZ,12.25,20260617,20200713,晨光转债,100.0
128115.SZ,002444.SZ,12.28,20260624,20200716,巨星转债,100.0
123056.SZ,300511.SZ,4.1,20260624,20200724,雪榕转债,100.0
113589.SH,603608.SH,12.29,20260624,20200716,天创转债,100.0
113590.SH,603187.SH,36.39,20260629,20200727,海容转债,100.0
128116.SZ,002961.SZ,20.32,20260629,20200724,瑞达转债,100.0
127018.SZ,000761.SZ,3.29,20260629,20200804,本钢转债,100.0
113591.SH,603687.SH,8.68,20260701,20200723,胜达转债,100.0
123057.SZ,300586.SZ,9.5,20260701,20200727,美联转债,100.0
128117.SZ,002838.SZ,11.76,20260702,20200720,道恩转债,100.0
128118.SZ,002861.SZ,9.68,20260702,20200805,瀛通转债,100.0
113036.SH,601789.SH,4.76,20260706,20200806,宁建转债,100.0
113592.SH,603345.SH,115.9,20260708,20200731,安20转债,100.0
110071.SH,600929.SH,5.69,20260710,20200731,湖盐转债,100.0
128119.SZ,002726.SZ,4.2,20260713,20200807,龙大转债,100.0
123058.SZ,300207.SZ,21.17,20260714,20200807,欣旺转债,100.0
127019.SZ,000688.SZ,12.58,20260715,20200810,国城转债,100.0
123059.SZ,300231.SZ,9.15,20260715,20200812,银信转债,100.0
128121.SZ,002930.SZ,12.65,20260717,20200807,宏川转债,100.0
128120.SZ,002921.SZ,11.59,20260717,20200817,联诚转债,100.0
113593.SH,603131.SH,21.09,20260720,20200810,沪工转债,100.0
127020.SZ,000060.SZ,4.29,20260720,20200814,中金转债,100.0
113594.SH,603516.SH,17.93,20260721,20200828,淳中转债,100.0
113595.SH,603007.SH,4.48,20260721,20200818,花王转债,100.0
123060.SZ,300416.SZ,14.54,20260721,20200817,苏试转债,100.0
123061.SZ,300424.SZ,14.82,20260722,20200818,航新转债,100.0
113037.SH,601860.SH,3.6,20260723,20200817,紫银转债,100.0
128122.SZ,002436.SZ,13.35,20250723,20200817,兴森转债,100.0
110073.SH,600061.SH,9.42,20260724,20200820,国投转债,100.0
123062.SZ,300554.SZ,17.13,20260727,20200817,三超转债,100.0
128123.SZ,002749.SZ,12.31,20260727,20200819,国光转债,100.0
110806.SH,600163.SH,3.62,20230722,20210122,中闽定02,100.0
113596.SH,603887.SH,8.28,20260728,20200820,城地转债,100.0
123063.SZ,300021.SZ,3.66,20260728,20200820,大禹转债,100.0
128124.SZ,002022.SZ,20.64,20260728,20200820,科华转债,100.0
113597.SH,603912.SH,8.68,20260730,20200821,佳力转债,100.0
128125.SZ,002949.SZ,14.39,20260730,20200821,华阳转债,100.0
113598.SH,603966.SH,7.45,20260731,20200825,法兰转债,100.0
113038.SH,601012.SH,52.59,20260731,20200908,隆20转债,100.0
113599.SH,603871.SH,12.73,20260805,20200907,嘉友转债,100.0
128126.SZ,002460.SZ,60.27,20260806,20200908,赣锋转2,100.0
110807.SH,600482.SH,19.88,20250513,20210513,动力定01,100.0
127021.SZ,000070.SZ,7.33,20250807,20200904,特发转2,100.0
113600.SH,603978.SH,10.0,20260813,20200911,新星转债,100.0
110072.SH,600297.SH,1.5,20260818,20200915,广汇转债,100.0
110074.SH,600577.SH,3.32,20260819,20200921,精达转债,100.0
128127.SZ,002775.SZ,4.42,20260820,20200911,文科转债,100.0
128128.SZ,002408.SZ,5.37,20260820,20200915,齐翔转2,100.0
110808.SH,600482.SH,19.61,20260909,20210309,动力定02,100.0
113601.SH,603716.SH,12.0,20260821,20200915,塞力转债,100.0
113039.SH,601619.SH,2.91,20260824,20200917,嘉泽转债,100.0
113602.SH,603228.SH,22.58,20260824,20200922,景20转债,100.0
128129.SZ,002958.SZ,4.0,20260825,20200918,青农转债,100.0
128130.SZ,002067.SZ,3.39,20260831,20200918,景兴转债,100.0
123064.SZ,300482.SZ,21.1,20260901,20200923,万孚转债,100.0
123065.SZ,300246.SZ,23.97,20260904,20200924,宝莱转债,100.0
128131.SZ,002815.SZ,10.25,20260907,20200928,崇达转2,100.0
110804.SH,603977.SH,8.52,20240831,20210301,国泰定02,100.0
128132.SZ,002941.SZ,10.0,20260915,20201016,交建转债,100.0
123066.SZ,300687.SZ,14.01,20260916,20201015,赛意转债,100.0
123067.SZ,300382.SZ,9.51,20260917,20201015,斯莱转债,100.0
128133.SZ,002287.SZ,19.01,20260922,20201027,奇正转债,100.0
113603.SH,603606.SH,23.65,20260924,20201029,东缆转债,100.0
128134.SZ,002541.SZ,32.08,20261009,20201102,鸿路转债,100.0
113604.SH,603528.SH,7.8,20261013,20201117,多伦转债,100.0
110075.SH,600029.SH,6.17,20261015,20201103,南航转债,100.0
123068.SZ,300657.SZ,15.34,20261015,20201104,弘信转债,100.0
127022.SZ,000703.SZ,9.14,20261016,20201116,恒逸转债,100.0
123069.SZ,300505.SZ,19.09,20261016,20201105,金诺转债,100.0
128135.SZ,002557.SZ,55.93,20261020,20201118,洽洽转债,100.0
123070.SZ,300438.SZ,20.03,20261020,20201106,鹏辉转债,100.0
123071.SZ,300569.SZ,6.7,20261021,20201125,天能转债,100.0
123072.SZ,300729.SZ,32.91,20261021,20201110,乐歌转债,100.0
113040.SH,601799.SH,156.7,20261022,20201116,星宇转债,100.0
113605.SH,603233.SH,17.35,20261022,20201113,大参转债,100.0
127023.SZ,000932.SZ,4.97,20261023,20201119,华菱转2,100.0
123073.SZ,300636.SZ,9.81,20261026,20201116,同和转债,100.0
123074.SZ,300752.SZ,18.34,20261029,20201116,隆利转债,100.0
113606.SH,603579.SH,23.07,20261030,20201120,荣泰转债,100.0
113607.SH,603568.SH,21.71,20261102,20201127,伟20转债,100.0
110076.SH,600521.SH,33.06,20261102,20201125,华海转债,100.0
123075.SZ,300580.SZ,15.44,20261102,20201123,贝斯转债,100.0
113041.SH,601899.SH,7.0,20251103,20201127,紫金转债,100.0
128136.SZ,002475.SZ,55.97,20261103,20201202,立讯转债,100.0
127024.SZ,000967.SZ,7.67,20261104,20201202,盈峰转债,100.0
128137.SZ,002859.SZ,26.46,20261104,20201201,洁美转债,100.0
127025.SZ,000401.SZ,13.01,20261105,20201202,冀东转债,100.0
113608.SH,603956.SH,6.06,20261109,20201127,威派转债,100.0
124017.SZ,000100.SZ,4.1,20221130,20220825,TCL定转2,100.0
128138.SZ,002973.SZ,17.9,20261117,20201224,侨银转债,100.0
123076.SZ,300429.SZ,12.7,20261119,20201204,强力转债,100.0
110077.SH,600461.SH,4.88,20261120,20201217,洪城转债,100.0
123077.SZ,300170.SZ,9.82,20261123,20201215,汉得转债,100.0
113609.SH,603776.SH,14.22,20261124,20201223,永安转债,100.0
123078.SZ,300398.SZ,15.3,20261127,20201216,飞凯转债,100.0
113610.SH,603669.SH,6.5,20261201,20201222,灵康转债,100.0
128139.SZ,002965.SZ,26.25,20261201,20201224,祥鑫转债,100.0
113611.SH,603806.SH,61.03,20261201,20201222,福20转债,100.0
123079.SZ,300772.SZ,15.12,20261201,20201225,运达转债,100.0
123080.SZ,300517.SZ,11.38,20261202,20201222,海波转债,100.0
123081.SZ,300709.SZ,34.15,20261203,20201222,精研转债,100.0
128140.SZ,002929.SZ,25.95,20261207,20201229,润建转债,100.0
123082.SZ,300016.SZ,7.02,20261207,20201228,北陆转债,100.0
113612.SH,603681.SH,20.59,20261208,20210107,永冠转债,100.0
127026.SZ,000823.SZ,12.22,20261208,20210114,超声转债,100.0
123083.SZ,300682.SZ,15.2,20261209,20210106,朗新转债,100.0
113043.SH,601108.SH,8.03,20261210,20201228,财通转债,100.0
127027.SZ,000552.SZ,2.93,20261210,20210122,能化转债,100.0
123084.SZ,300499.SZ,9.01,20261210,20210108,高澜转债,100.0
123085.SZ,300057.SZ,4.99,20261211,20201228,万顺转2,100.0
123086.SZ,300065.SZ,7.27,20261211,20210208,海兰转债,100.0
113044.SH,601006.SH,5.71,20261214,20210115,大秦转债,100.0
123088.SZ,300707.SZ,14.96,20261215,20210106,威唐转债,100.0
123087.SZ,300739.SZ,11.78,20261215,20210105,明电转债,100.0
113614.SH,603707.SH,29.12,20261217,20210118,健20转债,100.0
128141.SZ,002034.SZ,13.98,20261217,20210118,旺能转债,100.0
128142.SZ,002946.SZ,17.88,20261218,20210119,新乳转债,100.0
123089.SZ,300040.SZ,5.44,20261221,20210108,九洲转2,100.0
123090.SZ,300298.SZ,34.46,20261221,20210112,三诺转债,100.0
113615.SH,603979.SH,11.78,20261223,20210114,金诚转债,100.0
123091.SZ,300196.SZ,15.34,20261223,20210115,长海转债,100.0
123092.SZ,300332.SZ,4.98,20261224,20210115,天壕转债,100.0
113616.SH,603501.SH,159.12,20261228,20210122,韦尔转债,100.0
124018.SZ,300080.SZ,4.59,20261216,20221215,易成定转,100.0
110810.SH,600075.SH,5.15,20261229,20210629,天业定02,100.0
127028.SZ,000411.SZ,9.3,20270105,20210310,英特转债,100.0
128143.SZ,002931.SZ,12.53,20270108,20210129,锋龙转债,100.0
113618.SH,603538.SH,21.28,20270114,20210204,美诺转债,100.0
123093.SZ,300651.SZ,19.85,20270119,20210218,金陵转债,100.0
113619.SH,603920.SH,17.59,20270120,20210219,世运转债,100.0
123094.SZ,300568.SZ,19.64,20270120,20210331,星源转2,100.0
113042.SH,601229.SH,8.57,20270125,20210210,上银转债,100.0
113621.SH,603650.SH,31.11,20270126,20210222,彤程转债,100.0
123096.SZ,300078.SZ,2.38,20270126,20210301,思创转债,100.0
123097.SZ,300611.SZ,9.23,20270127,20210224,美力转债,100.0
123098.SZ,300723.SZ,16.84,20270128,20210223,一品转债,100.0
123099.SZ,300630.SZ,3.0,20270209,20210308,普利转退,100.0
123100.SZ,300543.SZ,9.88,20270209,20210316,朗科转债,100.0
118000.SH,688388.SH,33.18,20270223,20210315,嘉元转债,100.0
128144.SZ,002734.SZ,8.1,20270301,20210324,利民转债,100.0
113045.SH,601231.SH,18.58,20270304,20210402,环旭转债,100.0
113620.SH,603363.SH,14.11,20270310,20210402,傲农转债,100.0
123101.SZ,300607.SZ,12.8,20270310,20210329,拓斯转债,100.0
123103.SZ,300767.SZ,8.52,20270312,20210331,震安转债,100.0
123102.SZ,300490.SZ,9.25,20270312,20210401,华自转债,100.0
123104.SZ,300253.SZ,17.31,20270316,20210331,卫宁转债,100.0
123105.SZ,300229.SZ,9.91,20270319,20210427,拓尔转债,100.0
127029.SZ,000928.SZ,5.29,20270319,20210423,中钢转债,100.0
113046.SH,601609.SH,10.32,20270322,20210412,金田转债,100.0
127030.SZ,000301.SZ,13.21,20270322,20210421,盛虹转债,100.0
128145.SZ,002953.SZ,10.43,20270322,20210416,日丰转债,100.0
123106.SZ,300641.SZ,7.4,20270324,20210420,正丹转债,100.0
127031.SZ,000902.SZ,17.09,20270325,20210423,洋丰转债,100.0
113622.SH,603298.SH,15.45,20270325,20210414,杭叉转债,100.0
110813.SH,600267.SH,12.7,20270318,20220630,海正定转,100.0
110079.SH,600926.SH,11.35,20270329,20210423,杭银转债,100.0
123107.SZ,300498.SZ,16.29,20270329,20210421,温氏转债,100.0
110812.SH,600810.SH,6.68,20270324,20210928,神马定02,100.0
123108.SZ,300003.SZ,27.86,20260330,20210419,乐普转2,100.0
123109.SZ,300151.SZ,26.72,20270401,20210419,昌红转债,100.0
123110.SZ,300705.SZ,18.7,20270401,20210423,九典转债,100.0
123111.SZ,300059.SZ,23.35,20270407,20210423,东财转3,100.0
113623.SH,603225.SH,15.78,20270408,20210507,凤21转债,100.0
123112.SZ,300112.SZ,8.3,20270408,20210423,万讯转债,100.0
113047.SH,601636.SH,5.43,20270409,20210507,旗滨转债,100.0
110080.SH,600133.SH,5.71,20270412,20210512,东湖转债,100.0
127032.SZ,002966.SZ,6.19,20270412,20210512,苏行转债,100.0
127033.SZ,002822.SZ,3.79,20270416,20210524,中装转2,100.0
123113.SZ,300791.SZ,31.86,20270419,20210514,仙乐转债,100.0
113048.SH,601778.SH,4.5,20270423,20210531,晶科转债,100.0
113624.SH,603976.SH,20.07,20270428,20210601,正川转债,100.0
127034.SZ,002887.SZ,11.51,20270430,20210528,绿茵转债,100.0
111000.SH,605222.SH,17.35,20270524,20210617,起帆转债,100.0
123114.SZ,300775.SZ,31.39,20270525,20210611,三角转债,100.0
127035.SZ,002225.SZ,4.2,20260526,20210618,濮耐转债,100.0
127036.SZ,002050.SZ,21.1,20270601,20210630,三花转债,100.0
127037.SZ,002126.SZ,10.39,20270607,20210709,银轮转债,100.0
123115.SZ,300623.SZ,28.07,20270608,20210629,捷捷转债,100.0
123116.SZ,300624.SZ,49.79,20270609,20210701,万兴转债,100.0
113049.SH,601633.SH,39.16,20270610,20210708,长汽转债,100.0
127038.SZ,002049.SZ,97.3,20270610,20210714,国微转债,100.0
113625.SH,603208.SH,19.84,20270611,20210701,江山转债,100.0
113050.SH,601009.SH,8.02,20270615,20210701,南银转债,100.0
113051.SH,601016.SH,3.33,20270621,20210722,节能转债,100.0
123117.SZ,300529.SZ,38.65,20270623,20210712,健帆转债,100.0
113626.SH,603596.SH,35.54,20270629,20210721,伯特转债,100.0
127039.SZ,000582.SZ,7.31,20270629,20210723,北港转债,100.0
127040.SZ,002091.SZ,7.65,20270707,20210810,国泰转债,100.0
123118.SZ,300779.SZ,11.11,20270707,20210726,惠城转债,100.0
127041.SZ,002833.SZ,17.0,20260712,20210810,弘亚转债,100.0
123119.SZ,300601.SZ,15.73,20270715,20210805,康泰转2,100.0
113627.SH,603877.SH,20.88,20270715,20210806,太平转债,100.0
118001.SH,688598.SH,268.83,20270723,20210818,金博转债,100.0
110081.SH,600745.SH,43.6,20270728,20210820,闻泰转债,100.0
123120.SZ,300263.SZ,6.1,20270730,20210823,隆华转债,100.0
123121.SZ,300776.SZ,73.56,20270805,20210827,帝尔转债,100.0
123122.SZ,300613.SZ,91.69,20270806,20210824,富瀚转债,100.0
127042.SZ,002969.SZ,4.55,20270809,20210908,嘉美转债,100.0
123123.SZ,300666.SZ,53.59,20270812,20210901,江丰转债,100.0
127043.SZ,002895.SZ,17.41,20270812,20210923,川恒转债,100.0
118002.SH,688599.SH,50.4,20270813,20210901,天合转债,100.0
123124.SZ,300655.SZ,16.69,20270816,20210907,晶瑞转2,100.0
127045.SZ,002714.SZ,43.8,20270816,20210910,牧原转债,100.0
127044.SZ,002918.SZ,19.84,20270816,20210916,蒙娜转债,100.0
113628.SH,603685.SH,12.77,20270823,20210917,晨丰转债,100.0
123125.SZ,300174.SZ,17.51,20270906,20210930,元力转债,100.0
123126.SZ,300243.SZ,11.64,20270910,20211018,瑞丰转债,100.0
113629.SH,603982.SH,7.89,20270914,20211021,泉峰转债,100.0
127046.SZ,002568.SZ,46.68,20270929,20211103,百润转债,100.0
110814.SH,600027.SH,4.11,20240928,20221026,华电定转,100.0
127047.SZ,002798.SZ,5.1,20271025,20211126,帝欧转债,100.0
127048.SZ,002896.SZ,16.77,20271026,20211124,中大转债,100.0
113630.SH,603212.SH,19.08,20271027,20211123,赛伍转债,100.0
110082.SH,600885.SH,22.72,20271028,20211123,宏发转债,100.0
123127.SZ,300818.SZ,17.24,20271029,20211119,耐普转债,100.0
123128.SZ,300483.SZ,12.15,20271101,20211118,首华转债,100.0
127049.SZ,000876.SZ,10.59,20271102,20211129,希望转2,100.0
123129.SZ,300798.SZ,7.92,20271104,20211124,锦鸡转债,100.0
113631.SH,603689.SH,6.81,20271108,20211210,皖天转债,100.0
111001.SH,605006.SH,11.18,20271108,20211206,山玻转债,100.0
110083.SH,600901.SH,3.05,20271111,20211210,苏租转债,100.0
123130.SZ,300732.SZ,8.05,20271111,20211202,设研转债,100.0
127050.SZ,002984.SZ,19.36,20271111,20211206,麒麟转债,100.0
113632.SH,603733.SH,18.99,20271117,20211209,鹤21转债,100.0
127051.SZ,002975.SZ,26.82,20271117,20211217,博杰转债,100.0
118003.SH,688001.SH,26.22,20271129,20211220,华兴转债,100.0
113633.SH,603486.SH,173.8,20271130,20211229,科沃转债,100.0
123131.SZ,300738.SZ,10.06,20271203,20211222,奥飞转债,100.0
113634.SH,603605.SH,95.46,20271208,20220104,珀莱转债,100.0
111002.SH,605007.SH,13.65,20271208,20211230,特纸转债,100.0
113635.SH,603305.SH,33.04,20271210,20211230,升21转债,100.0
113636.SH,603995.SH,26.74,20271213,20211231,甬金转债,100.0
123132.SZ,300871.SZ,15.0,20271217,20220107,回盛转债,100.0
123133.SZ,300673.SZ,17.57,20271222,20220121,佩蒂转债,100.0
113637.SH,603112.SH,11.65,20271222,20220120,华翔转债,100.0
127052.SZ,002534.SZ,10.99,20271224,20220124,西子转债,100.0
110084.SH,600903.SH,7.11,20271227,20220118,贵燃转债,100.0
113052.SH,601166.SH,20.63,20271227,20220114,兴业转债,100.0
123134.SZ,300863.SZ,75.53,20271227,20220118,卡倍转债,100.0
123135.SZ,300813.SZ,16.4,20271228,20220119,泰林转债,100.0
113638.SH,603055.SH,16.19,20271229,20220121,台21转债,100.0
118004.SH,688166.SH,34.74,20280104,20220127,博瑞转债,100.0
113053.SH,601012.SH,17.5,20280105,20220217,隆22转债,100.0
123136.SZ,300778.SZ,17.44,20280121,20220215,城市转债,100.0
113639.SH,603186.SH,38.51,20280124,20220222,华正转债,100.0
127053.SZ,002988.SZ,17.23,20280124,20220304,豪美转债,100.0
118005.SH,688116.SH,99.09,20280127,20220301,天奈转债,100.0
123137.SZ,300763.SZ,151.36,20280210,20220302,锦浪转债,100.0
127054.SZ,002381.SZ,7.06,20280211,20220315,双箭转债,100.0
113640.SH,603585.SH,17.2,20280216,20220310,苏利转债,100.0
127055.SZ,002989.SZ,18.5,20280222,20220324,精装转债,100.0
113641.SH,603799.SH,34.43,20280224,20220323,华友转债,100.0
110085.SH,600438.SH,34.6,20280224,20220318,通22转债,100.0
113054.SH,601330.SH,8.89,20280225,20220323,绿动转债,100.0
127056.SZ,000708.SZ,22.23,20280225,20220415,中特转债,100.0
113642.SH,603185.SH,102.4,20280301,20220406,上22转债,100.0
123138.SZ,300556.SZ,26.53,20280302,20220322,丝路转债,100.0
113055.SH,601838.SH,12.23,20280303,20220406,成银转债,100.0
127057.SZ,002864.SZ,26.41,20280303,20220408,盘龙转债,100.0
111003.SH,605166.SH,11.37,20280307,20220419,聚合转债,100.0
123139.SZ,300811.SZ,76.0,20280311,20220331,铂科转债,100.0
123140.SZ,300743.SZ,12.04,20280314,20220330,天地转债,100.0
123141.SZ,300283.SZ,5.35,20280315,20220408,宏丰转债,100.0
118006.SH,688179.SH,13.32,20280315,20220412,阿拉转债,100.0
123142.SZ,300853.SZ,33.71,20280318,20220411,申昊转债,100.0
127058.SZ,002422.SZ,16.04,20280318,20220420,科伦转债,100.0
118007.SH,688030.SH,16.5,20280322,20220421,山石转债,100.0
113056.SH,601963.SH,9.5,20280323,20220414,重银转债,100.0
113057.SH,601881.SH,9.7,20280324,20220510,中银转债,100.0
113643.SH,603466.SH,11.82,20280325,20220422,风语转债,100.0
113058.SH,601686.SH,4.48,20280330,20220426,友发转债,100.0
111004.SH,605068.SH,24.41,20280330,20220425,明新转债,100.0
123143.SZ,300843.SZ,23.17,20280331,20220422,胜蓝转债,100.0
127059.SZ,002753.SZ,8.16,20280408,20220516,永东转2,100.0
123144.SZ,300305.SZ,8.5,20280411,20220427,裕兴转债,100.0
113646.SH,603058.SH,8.05,20280414,20220517,永吉转债,100.0
113644.SH,603638.SH,18.65,20280415,20220512,艾迪转债,100.0
127060.SZ,002982.SZ,21.13,20280419,20220610,湘佳转债,100.0
127061.SZ,000723.SZ,5.26,20280420,20220530,美锦转债,100.0
123145.SZ,300725.SZ,33.61,20280420,20220518,药石转债,100.0
127062.SZ,002398.SZ,7.59,20280421,20220520,垒知转债,100.0
113647.SH,603609.SH,10.09,20280422,20220518,禾丰转债,100.0
127063.SZ,000589.SZ,4.4,20280422,20220530,贵轮转债,100.0
110086.SH,600496.SH,4.79,20280422,20220523,精工转债,100.0
113648.SH,603477.SH,25.04,20280425,20220517,巨星转债,100.0
123146.SZ,300692.SZ,6.23,20280506,20220526,中环转2,100.0
127064.SZ,002430.SZ,25.97,20280519,20220705,杭氧转债,100.0
113059.SH,601865.SH,41.71,20280520,20220613,福莱转债,100.0
123147.SZ,300933.SZ,6.43,20280531,20220621,中辰转债,100.0
113060.SH,601878.SH,10.05,20280614,20220708,浙22转债,100.0
123148.SZ,300827.SZ,36.31,20280614,20220701,上能转债,100.0
123149.SZ,300185.SZ,2.71,20280620,20220715,通裕转债,100.0
127065.SZ,002997.SZ,17.06,20280622,20220727,瑞鹄转债,100.0
111005.SH,605189.SH,11.98,20280623,20220725,富春转债,100.0
110087.SH,600075.SH,5.6,20280623,20220719,天业转债,100.0
118008.SH,688680.SH,46.8,20280623,20220721,海优转债,100.0
118009.SH,688059.SH,61.89,20280624,20220721,华锐转债,100.0
113649.SH,603810.SH,13.73,20280627,20220721,丰山转债,100.0
118010.SH,688026.SH,47.95,20280628,20220802,洁特转债,100.0
123150.SZ,300406.SZ,16.48,20280630,20220720,九强转债,100.0
123151.SZ,300869.SZ,27.55,20280701,20220720,康医转债,100.0
113650.SH,603916.SH,23.15,20280701,20220728,博22转债,100.0
118011.SH,688689.SH,31.3,20280704,20220802,银微转债,100.0
118012.SH,688321.SH,25.26,20280705,20220728,微芯转债,100.0
118013.SH,688208.SH,21.98,20280708,20220728,道通转债,100.0
127066.SZ,002850.SZ,148.7,20280708,20220803,科利转债,100.0
113061.SH,601689.SH,48.06,20280714,20220812,拓普转债,100.0
118014.SH,688556.SH,7.37,20280718,20220812,高测转债,100.0
113651.SH,603992.SH,15.3,20280720,20220817,松霖转债,100.0
118015.SH,688595.SH,55.22,20280721,20220818,芯海转债,100.0
123153.SZ,300956.SZ,15.99,20280721,20220811,英力转债,100.0
123152.SZ,300727.SZ,28.81,20280721,20220811,润禾转债,100.0
127067.SZ,000703.SZ,10.37,20280721,20220818,恒逸转2,100.0
113652.SH,603568.SH,27.27,20280722,20220812,伟22转债,100.0
113653.SH,603681.SH,16.5,20280728,20220826,永22转债,100.0
113654.SH,603901.SH,9.69,20280804,20220901,永02转债,100.0
113655.SH,603833.SH,52.77,20280805,20220901,欧22转债,100.0
118016.SH,688096.SH,6.91,20280805,20220825,京源转债,100.0
123154.SZ,300894.SZ,33.03,20280805,20220823,火星转债,100.0
118017.SH,688328.SH,26.68,20280808,20220829,深科转债,100.0
111006.SH,605133.SH,27.34,20280811,20220921,嵘泰转债,100.0
127068.SZ,002996.SZ,11.27,20280812,20220907,顺博转债,100.0
127069.SZ,002959.SZ,52.19,20280812,20220907,小熊转债,100.0
123155.SZ,301040.SZ,31.76,20280812,20220831,中陆转债,100.0
123156.SZ,300839.SZ,8.0,20280816,20220902,博汇转债,100.0
127070.SZ,001203.SZ,10.76,20280817,20221011,大中转债,100.0
118018.SH,688323.SH,30.91,20280818,20220914,瑞科转债,100.0
127071.SZ,003009.SZ,52.88,20280822,20220919,天箭转债,100.0
123157.SZ,300663.SZ,16.01,20280830,20220920,科蓝转债,100.0
113656.SH,603535.SH,10.35,20280901,20221012,嘉诚转债,100.0
110088.SH,600985.SH,14.12,20280914,20221020,淮22转债,100.0
113062.SH,601128.SH,5.89,20280915,20221017,常银转债,100.0
113658.SH,603713.SH,55.72,20270916,20221025,密卫转债,100.0
118019.SH,688676.SH,34.37,20280916,20221013,金盘转债,100.0
110089.SH,600141.SH,28.4,20280922,20221031,兴发转债,100.0
127072.SZ,002698.SZ,15.06,20280922,20221103,博实转债,100.0
110090.SH,600933.SH,17.55,20280923,20221028,爱迪转债,100.0
118020.SH,688148.SH,14.0,20280923,20221107,芳源转债,100.0
127073.SZ,002709.SZ,28.5,20270923,20221027,天赐转债,100.0
123158.SZ,300037.SZ,41.05,20280926,20221021,宙邦转债,100.0
118021.SH,688590.SH,10.53,20280927,20221102,新致转债,100.0
123159.SZ,301002.SZ,24.35,20280927,20221024,崧盛转债,100.0
123160.SZ,300992.SZ,19.77,20280928,20221025,泰福转债,100.0
113657.SH,603601.SH,4.22,20280929,20221027,再22转债,100.0
118022.SH,688779.SH,15.53,20281011,20221107,锂科转债,100.0
111007.SH,605020.SH,19.68,20281011,20221101,永和转债,100.0
123161.SZ,300850.SZ,21.8,20281011,20221027,强联转债,100.0
118023.SH,688186.SH,20.8,20281013,20221109,广大转债,100.0
127074.SZ,002851.SZ,30.58,20281013,20221109,麦米转2,100.0
113659.SH,603355.SH,31.72,20281014,20221115,莱克转债,100.0
123163.SZ,300984.SZ,26.93,20281014,20221107,金沃转债,100.0
123162.SZ,300486.SZ,8.05,20281014,20221104,东杰转债,100.0
127075.SZ,002455.SZ,7.53,20281019,20221116,百川转2,100.0
123164.SZ,300925.SZ,11.09,20281021,20221114,法本转债,100.0
118025.SH,688301.SH,114.97,20281024,20221118,奕瑞转债,100.0
118026.SH,688499.SH,21.0,20281024,20221118,利元转债,100.0
118024.SH,688772.SH,22.89,20281024,20221117,冠宇转债,100.0
127076.SZ,002891.SZ,27.46,20281025,20221121,中宠转2,100.0
123165.SZ,300041.SZ,15.2,20281027,20221115,回天转债,100.0
113063.SH,601058.SH,8.89,20281102,20221124,赛轮转债,100.0
111008.SH,605128.SH,31.62,20281102,20221128,沿浦转债,100.0
123166.SZ,300876.SZ,23.47,20281102,20221125,蒙泰转债,100.0
111009.SH,605138.SH,10.56,20281107,20221201,盛泰转债,100.0
111010.SH,605358.SH,33.59,20281114,20221207,立昂转债,100.0
113064.SH,601208.SH,11.53,20281116,20221212,东材转债,100.0
113660.SH,603896.SH,36.84,20281117,20221212,寿22转债,100.0
123167.SZ,300975.SZ,6.91,20281117,20221209,商络转债,100.0
113661.SH,603806.SH,14.74,20281122,20221222,福22转债,100.0
123168.SZ,300891.SZ,10.74,20281123,20221214,惠云转债,100.0
123169.SZ,300224.SZ,12.63,20281123,20221212,正海转债,100.0
123170.SZ,300346.SZ,27.04,20281124,20221215,南电转债,100.0
113662.SH,603809.SH,8.39,20281125,20221223,豪能转债,100.0
113663.SH,603867.SH,19.81,20281128,20221216,新化转债,100.0
123171.SZ,300966.SZ,27.12,20281128,20221216,共同转债,100.0
118027.SH,688066.SH,40.94,20281128,20221222,宏图转债,100.0
113065.SH,601665.SH,5.0,20281129,20221219,齐鲁转债,100.0
127077.SZ,002645.SZ,11.14,20281202,20230110,华宏转债,100.0
113664.SH,603757.SH,20.59,20281205,20230104,大元转债,100.0
118028.SH,688219.SH,9.06,20281206,20230104,会通转债,100.0
110091.SH,600761.SH,13.4,20281213,20230106,合力转债,100.0
127078.SZ,002998.SZ,6.48,20281214,20230109,优彩转债,100.0
118029.SH,688350.SH,18.6,20281215,20230109,富淼转债,100.0
123172.SZ,301017.SZ,14.95,20281215,20230106,漱玉转债,100.0
113665.SH,603176.SH,6.29,20281215,20230111,汇通转债,100.0
127079.SZ,003043.SZ,30.73,20281216,20230116,华亚转债,100.0
118030.SH,688002.SH,39.12,20281230,20230210,睿创转债,100.0
123173.SZ,300605.SZ,13.77,20281230,20230208,恒锋转债,100.0
127080.SZ,003004.SZ,28.94,20281230,20230210,声迅转债,100.0
111011.SH,605088.SH,16.41,20290103,20230206,冠盛转债,100.0
111012.SH,605488.SH,9.56,20290104,20230207,福新转债,100.0
110092.SH,600370.SH,3.02,20290106,20230207,三房转债,100.0
118031.SH,688599.SH,16.0,20290213,20230315,天23转债,100.0
123174.SZ,300258.SZ,9.46,20290215,20230307,精锻转债,100.0
123175.SZ,300614.SZ,20.4,20290222,20230317,百畅转债,100.0
113666.SH,603529.SH,37.45,20290223,20230320,爱玛转债,100.0
123176.SZ,300567.SZ,64.71,20290302,20230322,精测转2,100.0
123177.SZ,300826.SZ,13.15,20290302,20230324,测绘转债,100.0
127081.SZ,001212.SZ,14.76,20290303,20230425,中旗转债,100.0
123178.SZ,300401.SZ,13.45,20290306,20230323,花园转债,100.0
123179.SZ,300973.SZ,95.13,20290307,20230327,立高转债,100.0
111013.SH,605162.SH,8.67,20290308,20230505,新港转债,100.0
118032.SH,688357.SH,71.71,20290308,20230407,建龙转债,100.0
123180.SZ,300837.SZ,47.89,20290309,20230328,浙矿转债,100.0
127082.SZ,002540.SZ,5.29,20290309,20230427,亚科转债,100.0
110816.SH,605090.SH,22.68,20290310,20230911,九丰定02,100.0
110093.SH,600810.SH,8.11,20290316,20230420,神马转债,100.0
113066.SH,601666.SH,7.52,20290316,20230410,平煤转债,100.0
113667.SH,603890.SH,10.15,20290317,20230411,春23转债,100.0
123181.SZ,301085.SZ,38.13,20290321,20230411,亚康转债,100.0
118033.SH,688268.SH,82.75,20290321,20230414,华特转债,100.0
123182.SZ,300900.SZ,22.84,20290322,20230417,广联转债,100.0
123184.SZ,300872.SZ,11.71,20290323,20230418,天阳转债,100.0
123183.SZ,300501.SZ,17.29,20290323,20230420,海顺转债,100.0
127083.SZ,000498.SZ,7.61,20290324,20230426,山路转债,100.0
113668.SH,603051.SH,16.05,20290327,20230427,鹿山转债,100.0
127084.SZ,000528.SZ,7.3,20290327,20230420,柳工转2,100.0
123185.SZ,301046.SZ,22.15,20290331,20230420,能辉转债,100.0
123186.SZ,300986.SZ,8.86,20290331,20230421,志特转债,100.0
123187.SZ,301186.SZ,30.98,20290404,20230425,超达转债,100.0
113669.SH,603228.SH,23.91,20290404,20230509,景23转债,100.0
123188.SZ,300740.SZ,13.54,20290404,20230425,水羊转债,100.0
123189.SZ,300967.SZ,19.34,20290406,20230425,晓鸣转债,100.0
123190.SZ,300409.SZ,12.93,20290407,20230425,道氏转02,100.0
123191.SZ,300918.SZ,9.35,20290410,20230428,智尚转债,100.0
127085.SZ,002120.SZ,11.73,20290411,20230523,韵达转债,100.0
123193.SZ,300787.SZ,14.7,20290413,20230509,海能转债,100.0
123192.SZ,300856.SZ,17.39,20290413,20230511,科思转债,100.0
123194.SZ,301015.SZ,25.36,20290414,20230505,百洋转债,100.0
123195.SZ,300487.SZ,59.38,20290417,20230508,蓝晓转02,100.0
113670.SH,603180.SH,37.64,20290417,20230516,金23转债,100.0
123196.SZ,300645.SZ,21.93,20290418,20230519,正元转02,100.0
118034.SH,688223.SH,6.35,20290420,20230519,晶能转债,100.0
110815.SH,605090.SH,20.25,20281229,20231229,九丰定01,100.0
123197.SZ,300480.SZ,21.15,20290508,20230529,光力转债,100.0
123198.SZ,301098.SZ,7.55,20290608,20230707,金埔转债,100.0
118035.SH,688103.SH,62.54,20290612,20230706,国力转债,100.0
127086.SZ,002237.SZ,11.19,20290612,20230707,恒邦转债,100.0
123199.SZ,300452.SZ,13.3,20290612,20230707,山河转债,100.0
127087.SZ,002860.SZ,8.1,20290614,20230717,星帅转2,100.0
111014.SH,605337.SH,18.37,20290620,20230713,李子转债,100.0
123201.SZ,301229.SZ,15.04,20290627,20230718,纽泰转债,100.0
123200.SZ,301022.SZ,26.0,20290627,20230717,海泰转债,100.0
118036.SH,688589.SH,23.93,20290628,20230720,力合转债,100.0
127088.SZ,002810.SZ,16.76,20290703,20230719,赫达转债,100.0
123203.SZ,300739.SZ,11.76,20290703,20230719,明电转02,100.0
123202.SZ,300980.SZ,15.18,20290703,20230726,祥源转债,100.0
111015.SH,605177.SH,20.28,20290706,20230802,东亚转债,100.0
118037.SH,688533.SH,28.99,20290706,20230801,上声转债,100.0
113671.SH,603878.SH,7.93,20290710,20230803,武进转债,100.0
123204.SZ,300829.SZ,14.93,20290713,20230802,金丹转债,100.0
118038.SH,688106.SH,18.97,20290717,20230810,金宏转债,100.0
123205.SZ,300879.SZ,11.19,20290717,20230808,大叶转债,100.0
110094.SH,600888.SH,6.65,20290718,20230814,众和转债,100.0
113672.SH,603327.SH,8.17,20290718,20230810,福蓉转债,100.0
113673.SH,603730.SH,7.37,20290718,20230810,岱美转债,100.0
127089.SZ,002459.SZ,11.66,20290718,20230804,晶澳转债,100.0
118039.SH,688597.SH,7.3,20290720,20230815,煜邦转债,100.0
123206.SZ,300272.SZ,5.36,20290720,20230808,开能转债,100.0
113674.SH,603018.SH,8.45,20290721,20230815,华设转债,100.0
123207.SZ,300948.SZ,10.44,20290721,20230809,冠中转债,100.0
123208.SZ,301078.SZ,7.1,20290724,20230810,孩王转债,100.0
127090.SZ,002937.SZ,25.5,20290724,20230815,兴瑞转债,100.0
118040.SH,688711.SH,28.51,20290725,20230814,宏微转债,100.0
111016.SH,605228.SH,11.48,20290725,20230815,神通转债,100.0
123209.SZ,300644.SZ,17.77,20290726,20230817,聚隆转债,100.0
123211.SZ,300121.SZ,9.28,20290727,20230814,阳谷转债,100.0
123210.SZ,300454.SZ,110.93,20290727,20230818,信服转债,100.0
113067.SH,601139.SH,7.4,20290727,20230818,燃23转债,100.0
123212.SZ,300428.SZ,18.65,20290727,20230816,立中转债,100.0
113068.SH,601609.SH,5.79,20290728,20230828,金铜转债,100.0
123213.SZ,301127.SZ,7.14,20290728,20230816,天源转债,100.0
123214.SZ,300239.SZ,6.63,20290731,20230818,东宝转债,100.0
118041.SH,688633.SH,23.14,20290731,20230822,星球转债,100.0
123215.SZ,301268.SZ,19.2,20290803,20230823,铭利转债,100.0
123216.SZ,300737.SZ,6.67,20290804,20230823,科顺转债,100.0
110095.SH,600481.SH,6.18,20290808,20230908,双良转债,100.0
123217.SZ,300852.SZ,29.57,20290808,20230824,富仕转债,100.0
118042.SH,688516.SH,84.42,20290810,20230901,奥维转债,100.0
123218.SZ,301008.SZ,19.54,20290810,20230830,宏昌转债,100.0
113675.SH,603179.SH,50.75,20290811,20230905,新23转债,100.0
123219.SZ,300790.SZ,12.45,20290811,20230829,宇瞳转债,100.0
118043.SH,688678.SH,14.9,20290814,20230912,福立转债,100.0
111017.SH,605368.SH,7.98,20290815,20230908,蓝天转债,100.0
113676.SH,603165.SH,10.14,20290818,20230913,荣23转债,100.0
123220.SZ,300942.SZ,8.87,20290818,20230906,易瑞转债,100.0
127091.SZ,002335.SZ,27.65,20290823,20230912,科数转债,100.0
123221.SZ,301188.SZ,14.2,20290823,20230914,力诺转债,100.0
123222.SZ,300926.SZ,16.68,20290908,20230928,博俊转债,100.0
118044.SH,688398.SH,18.9,20290911,20231012,赛特转债,100.0
124023.SZ,000630.SZ,2.65,20290805,20240306,铜陵定转,100.0
118045.SH,688311.SH,20.94,20290912,20231017,盟升转债,100.0
113677.SH,603306.SH,33.74,20290914,20231012,华懋转债,100.0
123223.SZ,300705.SZ,14.95,20290915,20231013,九典转02,100.0
123224.SZ,301266.SZ,36.82,20290919,20231018,宇邦转债,100.0
127092.SZ,001288.SZ,12.09,20290921,20231020,运机转债,100.0
124024.SZ,000630.SZ,3.2,20290921,20240306,铜陵定02,100.0
123225.SZ,300890.SZ,27.44,20291010,20231026,翔丰转债,100.0
123226.SZ,300814.SZ,27.82,20291016,20231103,中富转债,100.0
127093.SZ,002598.SZ,10.15,20291017,20231103,章鼓转债,100.0
127094.SZ,002809.SZ,10.44,20291018,20231108,红墙转债,100.0
127095.SZ,002111.SZ,9.07,20291018,20231110,广泰转债,100.0
113678.SH,603220.SH,20.54,20291019,20231121,中贝转债,100.0
123227.SZ,301099.SZ,34.81,20291020,20231110,雅创转债,100.0
123228.SZ,300953.SZ,54.54,20291020,20231109,震裕转债,100.0
123229.SZ,301062.SZ,10.01,20291023,20231120,艾录转债,100.0
127096.SZ,003036.SZ,13.27,20291025,20231115,泰坦转债,100.0
113679.SH,603105.SH,12.75,20291026,20231124,芯能转债,100.0
127097.SZ,001317.SZ,37.43,20291026,20231117,三羊转债,100.0
123230.SZ,301133.SZ,24.31,20291109,20231201,金钟转债,100.0
123231.SZ,300938.SZ,18.22,20291109,20231129,信测转债,100.0
113680.SH,603937.SH,12.91,20291115,20231205,丽岛转债,100.0
127098.SZ,001269.SZ,42.0,20291124,20231215,欧晶转债,100.0
123232.SZ,300830.SZ,9.35,20291127,20231219,金现转债,100.0
123233.SZ,301069.SZ,19.96,20291129,20231215,凯盛转债,100.0
127099.SZ,001205.SZ,15.48,20291206,20231228,盛航转债,100.0
123234.SZ,300062.SZ,5.5,20291211,20231229,中能转债,100.0
118046.SH,688076.SH,42.23,20291215,20240118,诺泰转债,100.0
123235.SZ,300911.SZ,21.31,20291221,20240112,亿田转债,100.0
127100.SZ,000034.SZ,32.07,20291221,20240119,神码转债,100.0
113069.SH,601137.SH,14.68,20281222,20240118,博23转债,100.0
127101.SZ,001283.SZ,50.22,20291222,20240111,豪鹏转债,100.0
123236.SZ,301193.SZ,15.33,20291222,20240118,家联转债,100.0
111018.SH,605077.SH,16.26,20291225,20240115,华康转债,100.0
127102.SZ,002761.SZ,10.22,20291225,20240116,浙建转债,100.0
113681.SH,603213.SH,11.2,20291229,20240117,镇洋转债,100.0
127103.SZ,002135.SZ,5.6,20300103,20240124,东南转债,100.0
123237.SZ,300793.SZ,13.46,20300104,20240124,佳禾转债,100.0
123238.SZ,300863.SZ,29.25,20300111,20240201,卡倍转02,100.0
123239.SZ,300488.SZ,24.19,20300119,20240222,锋工转债,100.0
127104.SZ,002605.SZ,20.06,20300125,20240226,姚记转债,100.0
123240.SZ,300358.SZ,8.0,20300131,20240229,楚天转债,100.0
127105.SZ,002442.SZ,5.8,20300201,20240306,龙星转债,100.0
113682.SH,603939.SH,31.84,20300304,20240327,益丰转债,100.0
113683.SH,603568.SH,17.55,20300328,20240422,伟24转债,100.0
113684.SH,603319.SH,16.59,20300401,20240429,湘泵转债,100.0
111019.SH,605366.SH,5.46,20300417,20240514,宏柏转债,100.0
113685.SH,603305.SH,12.51,20300614,20240710,升24转债,100.0
113686.SH,603289.SH,8.15,20300702,20240724,泰瑞转债,100.0
118048.SH,688135.SH,16.12,20300702,20240719,利扬转债,100.0
123241.SZ,300870.SZ,43.35,20300705,20240726,欧通转债,100.0
123242.SZ,301131.SZ,36.2,20300708,20240729,赛龙转债,100.0
123243.SZ,301081.SZ,7.27,20300710,20240726,严牌转债,100.0
113687.SH,603067.SH,8.2,20300712,20240802,振华转债,100.0
111020.SH,605166.SH,10.59,20300722,20240815,合顺转债,100.0
111021.SH,605116.SH,24.94,20300726,20240815,奥锐转债,100.0
123244.SZ,300893.SZ,20.32,20300801,20240822,松原转债,100.0
118049.SH,688403.SH,7.61,20300807,20240902,汇成转债,100.0
110096.SH,600531.SH,5.95,20300812,20240903,豫光转债,100.0
127106.SZ,002871.SZ,8.26,20300813,20240828,伟隆转债,100.0
123245.SZ,300553.SZ,18.11,20300814,20240828,集智转债,100.0
123247.SZ,301216.SZ,11.3,20300816,20240905,万凯转债,100.0
123246.SZ,301053.SZ,22.95,20300816,20240903,远信转债,100.0
123248.SZ,300952.SZ,18.11,20300821,20240912,恒辉转债,100.0
118050.SH,688239.SH,24.96,20300821,20240910,航宇转债,100.0
113688.SH,603060.SH,6.52,20301017,20241112,国检转债,100.0
113689.SH,603829.SH,15.33,20301017,20241111,洛凯转债,100.0
113690.SH,603809.SH,6.33,20301023,20241120,豪24转债,100.0
110097.SH,600419.SH,8.21,20301024,20241115,天润转债,100.0
123249.SZ,300681.SZ,17.34,20301024,20241111,英搏转债,100.0
113691.SH,603077.SH,2.0,20301028,20241119,和邦转债,100.0
113692.SH,603197.SH,39.38,20301031,20241127,保隆转债,100.0
123250.SZ,301004.SZ,79.66,20301107,20241126,嘉益转债,100.0
127107.SZ,002600.SZ,9.13,20301118,20241206,领益转债,100.0
118051.SH,688131.SH,40.47,20301128,20241219,皓元转债,100.0
123251.SZ,301235.SZ,22.43,20301223,20250109,华医转债,100.0
110098.SH,600713.SH,5.12,20301225,20250120,南药转债,100.0
123252.SZ,300337.SZ,12.51,20310107,20250124,银邦转债,100.0
113070.SH,601158.SH,4.82,20310109,20250213,渝水转债,100.0
118052.SH,688292.SH,24.26,20310313,20250407,浩瀚转债,100.0
123253.SZ,300351.SZ,18.23,20310313,20250328,永贵转债,100.0
113693.SH,603801.SH,11.52,20310318,20250408,志邦转债,100.0
118053.SH,688596.SH,38.45,20310318,20250403,正帆转债,100.0
123254.SZ,300014.SZ,50.28,20310324,20250411,亿纬转债,100.0
127108.SZ,000591.SZ,5.55,20310328,20250416,太能转债,100.0
123255.SZ,300054.SZ,28.58,20310402,20250423,鼎龙转债,100.0
118054.SH,688019.SH,128.7,20310407,20250425,安集转债,100.0
113694.SH,603628.SH,12.86,20310408,20250425,清源转债,100.0
118055.SH,688372.SH,62.65,20310409,20250430,伟测转债,100.0
110817.SH,600048.SH,15.92,20310515,20250619,保利定转,100.0
123256.SZ,300969.SZ,62.55,20310529,20250617,恒帅转债,100.0
118056.SH,688401.SH,32.7,20310611,20250710,路维转债,100.0
127109.SZ,002125.SZ,10.1,20310616,20250704,电化转债,100.0
123257.SZ,300866.SZ,110.58,20310616,20250704,安克转债,100.0
111022.SH,605319.SH,22.64,20310618,20250714,锡振转债,100.0
113695.SH,603097.SH,23.48,20310620,20250710,华辰转债,100.0
118057.SH,688362.SH,28.36,20310626,20250716,甬矽转债,100.0
113696.SH,603596.SH,52.42,20310701,20250728,伯25转债,100.0
111023.SH,605167.SH,12.14,20310703,20250722,利柏转债,100.0
127110.SZ,003816.SZ,3.67,20310709,20250725,广核转债,100.0
118058.SH,688147.SH,33.57,20310806,20250827,微导转债,100.0
113698.SH,603037.SH,12.74,20310815,20250910,凯众转债,100.0
127111.SZ,002626.SZ,19.59,20310820,20250908,金威转债,100.0
123258.SZ,300843.SZ,54.46,20310828,20250910,胜蓝转02,100.0
113697.SH,603308.SH,30.47,20310919,20251022,应流转债,100.0
110818.SH,600325.SH,7.06,20310922,20251104,华发定转,100.0
113699.SH,603979.SH,63.46,20310926,20251027,金25转债,100.0
110099.SH,600483.SH,9.84,20311013,20251030,福能转债,100.0
123259.SZ,300763.SZ,72.55,20311017,20251106,锦浪转02,100.0
118059.SH,688352.SH,13.75,20311103,20251121,颀中转债,100.0
123260.SZ,301398.SZ,52.3,20311107,20251124,卓镁转债,100.0
118060.SH,688800.SH,73.85,20311114,20251212,瑞可转债,100.0
118061.SH,688502.SH,364.43,20311121,20251210,茂莱转债,100.0
145904.SH,836660.SH,11.7,20311229,20260105,25钢研K1,100.0
145905.SH,,9.51,20281210,20251216,智转债K1,100.0
123261.SZ,300996.SZ,18.26,20311205,20251222,普联转债,100.0
111024.SH,605058.SH,34.04,20311211,20260116,澳弘转债,100.0
123262.SZ,300563.SZ,38.82,20311211,20251230,神宇转债,100.0
118062.SH,688003.SH,55.73,20311212,20251231,天准转债,100.0
123263.SZ,300378.SZ,43.54,20311215,20251231,鼎捷转债,100.0
118063.SH,688676.SH,89.28,20311225,20260114,金05转债,100.0
123264.SZ,301036.SZ,36.7,20311226,20260116,双乐转债,100.0
118064.SH,688300.SH,63.55,20320108,20260128,联瑞转债,100.0
123265.SZ,300818.SZ,38.44,20320116,20260130,耐普转02,100.0
127112.SZ,001301.SZ,84.71,20320116,20260205,尚太转债,100.0
110100.SH,600853.SH,4.63,20320122,20260212,龙建转债,100.0
118065.SH,688798.SH,79.83,20320122,20260226,艾为转债,100.0
