trade_date,ts_code,close,pct_chg
20250120,000922.CSI,5328.874,-0.2165
20250121,000922.CSI,5295.8678,-0.6194
20250122,000922.CSI,5242.8423,-1.0013
20250123,000922.CSI,5296.1683,1.0171
20250124,000922.CSI,5330.3763,0.6459
20250127,000922.CSI,5397.8404,1.2657
20250205,000922.CSI,5291.4642,-1.9707
20250206,000922.CSI,5295.7993,0.0819
20250207,000922.CSI,5331.4266,0.6727
20250210,000922.CSI,5325.3482,-0.114
20250211,000922.CSI,5345.533,0.379
20250212,000922.CSI,5346.7393,0.0226
20250213,000922.CSI,5348.7055,0.0368
20250214,000922.CSI,5359.117,0.1947
20250217,000922.CSI,5336.5732,-0.4207
20250218,000922.CSI,5318.6352,-0.3361
20250219,000922.CSI,5303.698,-0.2808
20250220,000922.CSI,5291.0318,-0.2388
20250221,000922.CSI,5257.0009,-0.6432
20250224,000922.CSI,5261.4535,0.0847
20250225,000922.CSI,5226.6236,-0.662
20250226,000922.CSI,5292.164,1.254
20250227,000922.CSI,5350.6692,1.1055
20250228,000922.CSI,5311.6501,-0.7292
20250303,000922.CSI,5305.0725,-0.1238
20250304,000922.CSI,5305.5876,0.0097
20250305,000922.CSI,5330.7352,0.474
20250306,000922.CSI,5329.4738,-0.0237
20250307,000922.CSI,5336.689,0.1354
20250310,000922.CSI,5352.3357,0.2932
20250311,000922.CSI,5386.4321,0.637
20250312,000922.CSI,5364.7665,-0.4022
20250313,000922.CSI,5402.2814,0.6993
20250314,000922.CSI,5443.3782,0.7607
20250317,000922.CSI,5463.4737,0.3692
20250318,000922.CSI,5454.0976,-0.1716
20250319,000922.CSI,5462.3245,0.1508
20250320,000922.CSI,5447.2799,-0.2754
20250321,000922.CSI,5424.09,-0.4257
20250324,000922.CSI,5454.4541,0.5598
20250325,000922.CSI,5489.0255,0.6338
20250326,000922.CSI,5481.3787,-0.1393
20250327,000922.CSI,5476.233,-0.0939
20250328,000922.CSI,5436.4717,-0.7261
20250331,000922.CSI,5407.9902,-0.5239
20250401,000922.CSI,5460.5135,0.9712
20250402,000922.CSI,5480.3406,0.3631
20250403,000922.CSI,5487.7522,0.1352
20250407,000922.CSI,5121.6285,-6.6717
20250408,000922.CSI,5252.4983,2.5552
20250409,000922.CSI,5268.1457,0.2979
20250410,000922.CSI,5317.9582,0.9455
20250411,000922.CSI,5294.0132,-0.4503
20250414,000922.CSI,5341.428,0.8956
20250415,000922.CSI,5367.0496,0.4797
20250416,000922.CSI,5391.4484,0.4546
20250417,000922.CSI,5380.304,-0.2067
20250418,000922.CSI,5382.3435,0.0379
20250421,000922.CSI,5375.0356,-0.1358
20250422,000922.CSI,5395.8835,0.3879
20250423,000922.CSI,5371.8464,-0.4455
20250424,000922.CSI,5400.7061,0.5372
20250425,000922.CSI,5392.2779,-0.1561
20250428,000922.CSI,5391.3773,-0.0167
20250429,000922.CSI,5377.2308,-0.2624
20250430,000922.CSI,5341.7697,-0.6595
20250506,000922.CSI,5355.2618,0.2526
20250507,000922.CSI,5391.5036,0.6768
20250508,000922.CSI,5394.128,0.0487
20250509,000922.CSI,5421.8433,0.5138
20250512,000922.CSI,5440.6068,0.3461
20250513,000922.CSI,5478.6417,0.6991
20250514,000922.CSI,5509.5627,0.5644
20250515,000922.CSI,5486.9433,-0.4105
20250516,000922.CSI,5456.4608,-0.5555
20250519,000922.CSI,5470.9617,0.2658
20250520,000922.CSI,5486.8581,0.2906
20250521,000922.CSI,5528.7956,0.7643
20250522,000922.CSI,5519.0537,-0.1762
20250523,000922.CSI,5464.7734,-0.9835
20250526,000922.CSI,5427.8603,-0.6755
20250527,000922.CSI,5413.7524,-0.2599
20250528,000922.CSI,5431.0191,0.3189
20250529,000922.CSI,5440.6604,0.1775
20250530,000922.CSI,5445.7952,0.0944
20250603,000922.CSI,5465.689,0.3653
20250604,000922.CSI,5480.8722,0.2778
20250605,000922.CSI,5449.4941,-0.5725
20250606,000922.CSI,5448.3034,-0.0218
20250609,000922.CSI,5458.8793,0.1941
20250610,000922.CSI,5454.5726,-0.0789
20250611,000922.CSI,5471.4803,0.31
20250612,000922.CSI,5471.5999,0.0022
20250613,000922.CSI,5416.3064,-1.0106
20250616,000922.CSI,5428.601,0.227
20250617,000922.CSI,5426.0202,-0.0475
20250618,000922.CSI,5419.9498,-0.1119
20250619,000922.CSI,5384.7423,-0.6496
20250620,000922.CSI,5393.71,0.1665
20250623,000922.CSI,5407.4346,0.2545
20250624,000922.CSI,5424.751,0.3202
20250625,000922.CSI,5443.2012,0.3401
20250626,000922.CSI,5444.7023,0.0276
20250627,000922.CSI,5416.1974,-0.5235
20250630,000922.CSI,5410.2588,-0.1096
20250701,000922.CSI,5454.3266,0.8145
20250702,000922.CSI,5493.4691,0.7176
20250703,000922.CSI,5493.1321,-0.0061
20250704,000922.CSI,5520.9383,0.5062
20250707,000922.CSI,5545.0804,0.4373
20250708,000922.CSI,5542.3522,-0.0492
20250709,000922.CSI,5560.319,0.3242
20250710,000922.CSI,5594.9169,0.6222
20250711,000922.CSI,5553.971,-0.7318
20250714,000922.CSI,5581.2078,0.4904
20250715,000922.CSI,5516.3349,-1.1623
20250716,000922.CSI,5492.5995,-0.4303
20250717,000922.CSI,5487.8946,-0.0857
20250718,000922.CSI,5506.7441,0.3435
20250721,000922.CSI,5575.8675,1.2552
20250722,000922.CSI,5667.6115,1.6454
20250723,000922.CSI,5647.0878,-0.3621
20250724,000922.CSI,5670.7501,0.419
20250725,000922.CSI,5633.8343,-0.651
20250728,000922.CSI,5572.5303,-1.0881
20250729,000922.CSI,5570.4572,-0.0372
20250730,000922.CSI,5581.4768,0.1978
20250731,000922.CSI,5484.7119,-1.7337
20250801,000922.CSI,5484.5934,-0.0022
20250804,000922.CSI,5510.342,0.4695
20250805,000922.CSI,5567.8825,1.0442
20250806,000922.CSI,5603.2021,0.6343
20250807,000922.CSI,5612.6762,0.1691
20250808,000922.CSI,5615.6102,0.0523
20250811,000922.CSI,5591.6955,-0.4259
20250812,000922.CSI,5623.0435,0.5606
20250813,000922.CSI,5593.7015,-0.5218
20250814,000922.CSI,5540.1311,-0.9577
20250815,000922.CSI,5553.4158,0.2398
20250818,000922.CSI,5542.7569,-0.1919
20250819,000922.CSI,5537.4535,-0.0957
20250820,000922.CSI,5579.2691,0.7551
20250821,000922.CSI,5609.1951,0.5364
20250822,000922.CSI,5599.4007,-0.1746
20250825,000922.CSI,5640.4806,0.7336
20250826,000922.CSI,5634.0366,-0.1142
20250827,000922.CSI,5532.4293,-1.8035
20250828,000922.CSI,5544.1885,0.2126
20250829,000922.CSI,5538.0382,-0.1109
20250901,000922.CSI,5524.751,-0.2399
20250902,000922.CSI,5542.1747,0.3154
20250903,000922.CSI,5495.4712,-0.8427
20250904,000922.CSI,5493.0759,-0.0436
20250905,000922.CSI,5510.0368,0.3088
20250908,000922.CSI,5552.5865,0.7722
20250909,000922.CSI,5565.0272,0.2241
20250910,000922.CSI,5537.7853,-0.4895
20250911,000922.CSI,5559.8135,0.3978
20250912,000922.CSI,5529.9497,-0.5371
20250915,000922.CSI,5511.138,-0.3402
20250916,000922.CSI,5508.9665,-0.0394
20250917,000922.CSI,5522.2891,0.2418
20250918,000922.CSI,5424.126,-1.7776
20250919,000922.CSI,5468.7315,0.8224
20250922,000922.CSI,5434.0415,-0.6343
20250923,000922.CSI,5454.0584,0.3684
20250924,000922.CSI,5467.0362,0.2379
20250925,000922.CSI,5440.5069,-0.4853
20250926,000922.CSI,5455.0131,0.2666
20250929,000922.CSI,5474.3919,0.3552
20250930,000922.CSI,5461.0845,-0.2431
20251009,000922.CSI,5502.3826,0.7562
20251010,000922.CSI,5559.0517,1.0299
20251013,000922.CSI,5534.3194,-0.4449
20251014,000922.CSI,5596.2901,1.1198
20251015,000922.CSI,5620.1955,0.4272
20251016,000922.CSI,5639.6007,0.3453
20251017,000922.CSI,5596.3198,-0.7674
20251020,000922.CSI,5637.9361,0.7436
20251021,000922.CSI,5640.3589,0.043
20251022,000922.CSI,5645.9038,0.0983
20251023,000922.CSI,5691.9018,0.8147
20251024,000922.CSI,5655.0767,-0.647
20251027,000922.CSI,5681.4978,0.4672
20251028,000922.CSI,5651.6502,-0.5253
20251029,000922.CSI,5653.7533,0.0372
20251030,000922.CSI,5630.5531,-0.4104
20251031,000922.CSI,5627.6697,-0.0512
20251103,000922.CSI,5678.4308,0.902
20251104,000922.CSI,5699.4485,0.3701
20251105,000922.CSI,5723.3919,0.4201
20251106,000922.CSI,5745.9004,0.3933
20251107,000922.CSI,5752.944,0.1226
20251110,000922.CSI,5795.3924,0.7379
20251111,000922.CSI,5782.5897,-0.2209
20251112,000922.CSI,5786.4201,0.0662
20251113,000922.CSI,5801.9877,0.269
20251114,000922.CSI,5767.5602,-0.5934
20251117,000922.CSI,5739.3217,-0.4896
20251118,000922.CSI,5659.7759,-1.386
20251119,000922.CSI,5668.6614,0.157
20251120,000922.CSI,5656.0404,-0.2226
20251121,000922.CSI,5554.5184,-1.7949
20251124,000922.CSI,5527.1668,-0.4924
20251125,000922.CSI,5554.2173,0.4894
20251126,000922.CSI,5530.7929,-0.4217
20251127,000922.CSI,5539.999,0.1665
20251128,000922.CSI,5545.8415,0.1055
20251201,000922.CSI,5591.822,0.8291
20251202,000922.CSI,5584.8627,-0.1245
20251203,000922.CSI,5573.9,-0.1963
20251204,000922.CSI,5552.9572,-0.3757
20251205,000922.CSI,5557.9653,0.0902
20251208,000922.CSI,5527.4237,-0.5495
20251209,000922.CSI,5476.8405,-0.9151
20251210,000922.CSI,5481.5776,0.0865
20251211,000922.CSI,5435.6228,-0.8383
20251212,000922.CSI,5426.7244,-0.1637
20251215,000922.CSI,5457.0324,0.5585
20251216,000922.CSI,5414.3168,-0.7828
20251217,000922.CSI,5429.6808,0.2838
20251218,000922.CSI,5473.7057,0.8108
20251219,000922.CSI,5483.3469,0.1761
20251222,000922.CSI,5458.2256,-0.4581
20251223,000922.CSI,5459.1338,0.0166
20251224,000922.CSI,5472.2364,0.24
20251225,000922.CSI,5486.4444,0.2596
20251226,000922.CSI,5513.7509,0.4977
20251229,000922.CSI,5501.7422,-0.2178
20251230,000922.CSI,5499.2122,-0.046
20251231,000922.CSI,5503.9812,0.0867
20260105,000922.CSI,5525.1164,0.384
20260106,000922.CSI,5591.0408,1.1932
20260107,000922.CSI,5592.9103,0.0334
20260108,000922.CSI,5574.5975,-0.3274
20260109,000922.CSI,5592.677,0.3243
20260112,000922.CSI,5611.1655,0.3306
20260113,000922.CSI,5591.9684,-0.3421
20260114,000922.CSI,5552.3081,-0.7092
20260115,000922.CSI,5541.7041,-0.191
20260116,000922.CSI,5493.3899,-0.8718
20260119,000922.CSI,5538.8923,0.8283
20260120,000922.CSI,5611.8413,1.317
20260121,000922.CSI,5577.5405,-0.6112
20260122,000922.CSI,5618.1484,0.7281
20260123,000922.CSI,5611.477,-0.1187
20260126,000922.CSI,5648.09,0.6525
20260127,000922.CSI,5599.9241,-0.8528
20260128,000922.CSI,5687.3191,1.5606
20260129,000922.CSI,5757.6384,1.2364
20260130,000922.CSI,5700.0072,-1.001
20260202,000922.CSI,5521.8717,-3.1252
20260203,000922.CSI,5563.8039,0.7594
20260204,000922.CSI,5712.025,2.664
20260205,000922.CSI,5686.5133,-0.4466
20260206,000922.CSI,5671.1173,-0.2707
20260209,000922.CSI,5709.0636,0.6691
20260210,000922.CSI,5730.0051,0.3668
20260211,000922.CSI,5770.1328,0.7003
20260212,000922.CSI,5751.6415,-0.3205
20260213,000922.CSI,5668.2221,-1.4504
20260224,000922.CSI,5754.4118,1.5206
20250120,000688.SH,968.2711,0.2452
20250121,000688.SH,976.2959,0.8288
20250122,000688.SH,975.34,-0.0979
20250123,000688.SH,966.1063,-0.9467
20250124,000688.SH,974.8342,0.9034
20250127,000688.SH,955.09,-2.0254
20250205,000688.SH,982.8287,2.9043
20250206,000688.SH,1011.2199,2.8887
20250207,000688.SH,1018.7988,0.7495
20250210,000688.SH,1036.7653,1.7635
20250211,000688.SH,1024.4122,-1.1915
20250212,000688.SH,1041.1366,1.6326
20250213,000688.SH,1017.0875,-2.3099
20250214,000688.SH,1022.4634,0.5286
20250217,000688.SH,1037.307,1.4517
20250218,000688.SH,1011.1683,-2.5199
20250219,000688.SH,1034.5705,2.3144
20250220,000688.SH,1033.0853,-0.1436
20250221,000688.SH,1094.7739,5.9713
20250224,000688.SH,1100.0534,0.4822
20250225,000688.SH,1102.9012,0.2589
20250226,000688.SH,1126.8203,2.1687
20250227,000688.SH,1126.287,-0.0473
20250228,000688.SH,1078.7976,-4.2165
20250303,000688.SH,1062.3506,-1.5246
20250304,000688.SH,1080.6648,1.7239
20250305,000688.SH,1083.8168,0.2917
20250306,000688.SH,1121.5845,3.4847
20250307,000688.SH,1107.6227,-1.2448
20250310,000688.SH,1105.1639,-0.222
20250311,000688.SH,1100.7418,-0.4001
20250312,000688.SH,1092.7079,-0.7299
20250313,000688.SH,1069.7032,-2.1053
20250314,000688.SH,1088.1125,1.721
20250317,000688.SH,1083.2131,-0.4503
20250318,000688.SH,1089.8254,0.6104
20250319,000688.SH,1076.9372,-1.1826
20250320,000688.SH,1064.7929,-1.1277
20250321,000688.SH,1042.8926,-2.0568
20250324,000688.SH,1045.9416,0.2924
20250325,000688.SH,1031.697,-1.3619
20250326,000688.SH,1029.0548,-0.2561
20250327,000688.SH,1040.5698,1.119
20250328,000688.SH,1029.4762,-1.0661
20250331,000688.SH,1022.7139,-0.6569
20250401,000688.SH,1024.3754,0.1625
20250402,000688.SH,1022.7482,-0.1588
20250403,000688.SH,1018.0723,-0.4572
20250407,000688.SH,924.1733,-9.2232
20250408,000688.SH,940.0905,1.7223
20250409,000688.SH,980.5688,4.3058
20250410,000688.SH,991.2244,1.0867
20250411,000688.SH,1011.7084,2.0665
20250414,000688.SH,1014.2834,0.2545
20250415,000688.SH,1006.3395,-0.7832
20250416,000688.SH,1014.5088,0.8118
20250417,000688.SH,1016.8117,0.227
20250418,000688.SH,1008.597,-0.8079
20250421,000688.SH,1019.4109,1.0722
20250422,000688.SH,1016.2181,-0.3132
20250423,000688.SH,1012.6475,-0.3514
20250424,000688.SH,1003.3159,-0.9215
20250425,000688.SH,1004.5718,0.1252
20250428,000688.SH,1002.8319,-0.1732
20250429,000688.SH,1003.8667,0.1032
20250430,000688.SH,1012.4165,0.8517
20250506,000688.SH,1026.5205,1.3931
20250507,000688.SH,1030.1857,0.3571
20250508,000688.SH,1026.4389,-0.3637
20250509,000688.SH,1006.3189,-1.9602
20250512,000688.SH,1011.2314,0.4882
20250513,000688.SH,1009.6822,-0.1532
20250514,000688.SH,1013.772,0.4051
20250515,000688.SH,1000.9687,-1.2629
20250516,000688.SH,995.2366,-0.5727
20250519,000688.SH,995.2547,0.0018
20250520,000688.SH,997.6773,0.2434
20250521,000688.SH,995.4867,-0.2196
20250522,000688.SH,990.7112,-0.4797
20250523,000688.SH,980.5781,-1.0228
20250526,000688.SH,982.2605,0.1716
20250527,000688.SH,972.9197,-0.9509
20250528,000688.SH,970.6401,-0.2343
20250529,000688.SH,986.302,1.6136
20250530,000688.SH,977.0265,-0.9404
20250603,000688.SH,981.7102,0.4794
20250604,000688.SH,986.1106,0.4482
20250605,000688.SH,996.4072,1.0442
20250606,000688.SH,991.6422,-0.4782
20250609,000688.SH,997.6118,0.602
20250610,000688.SH,982.9043,-1.4743
20250611,000688.SH,980.9328,-0.2006
20250612,000688.SH,977.9731,-0.3017
20250613,000688.SH,972.9408,-0.5146
20250616,000688.SH,970.8914,-0.2106
20250617,000688.SH,963.0834,-0.8042
20250618,000688.SH,968.1791,0.5291
20250619,000688.SH,962.9431,-0.5408
20250620,000688.SH,957.8718,-0.5266
20250623,000688.SH,961.4888,0.3776
20250624,000688.SH,978.7142,1.7915
20250625,000688.SH,995.6097,1.7263
20250626,000688.SH,989.9724,-0.5662
20250627,000688.SH,988.2112,-0.1779
20250630,000688.SH,1003.4137,1.5384
20250701,000688.SH,994.7951,-0.8589
20250702,000688.SH,982.6362,-1.2223
20250703,000688.SH,984.9489,0.2354
20250704,000688.SH,984.8018,-0.0149
20250707,000688.SH,978.2931,-0.6609
20250708,000688.SH,991.9481,1.3958
20250709,000688.SH,983.1111,-0.8909
20250710,000688.SH,979.9891,-0.3176
20250711,000688.SH,994.4481,1.4754
20250714,000688.SH,992.3886,-0.2071
20250715,000688.SH,996.2455,0.3886
20250716,000688.SH,997.6299,0.139
20250717,000688.SH,1005.648,0.8037
20250718,000688.SH,1007.5252,0.1867
20250721,000688.SH,1007.8938,0.0366
20250722,000688.SH,1016.2653,0.8306
20250723,000688.SH,1020.8554,0.4517
20250724,000688.SH,1032.8379,1.1738
20250725,000688.SH,1054.1956,2.0679
20250728,000688.SH,1055.1086,0.0866
20250729,000688.SH,1070.4479,1.4538
20250730,000688.SH,1058.5715,-1.1095
20250731,000688.SH,1047.8699,-1.0109
20250801,000688.SH,1036.7746,-1.0588
20250804,000688.SH,1049.4062,1.2184
20250805,000688.SH,1053.6462,0.404
20250806,000688.SH,1059.7614,0.5804
20250807,000688.SH,1058.2051,-0.1469
20250808,000688.SH,1043.5366,-1.3862
20250811,000688.SH,1049.7296,0.5935
20250812,000688.SH,1069.8089,1.9128
20250813,000688.SH,1077.6978,0.7374
20250814,000688.SH,1085.7358,0.7458
20250815,000688.SH,1101.2931,1.4329
20250818,000688.SH,1124.8218,2.1365
20250819,000688.SH,1112.2662,-1.1162
20250820,000688.SH,1148.1469,3.2259
20250821,000688.SH,1149.1507,0.0874
20250822,000688.SH,1247.8621,8.5899
20250825,000688.SH,1287.7338,3.1952
20250826,000688.SH,1270.8712,-1.3095
20250827,000688.SH,1272.5561,0.1326
20250828,000688.SH,1364.6045,7.2333
20250829,000688.SH,1341.3106,-1.707
20250901,000688.SH,1357.1484,1.1808
20250902,000688.SH,1328.2792,-2.1272
20250903,000688.SH,1306.4787,-1.6413
20250904,000688.SH,1226.9847,-6.0846
20250905,000688.SH,1268.5517,3.3877
20250908,000688.SH,1275.8677,0.5767
20250909,000688.SH,1245.5284,-2.3779
20250910,000688.SH,1259.0959,1.0893
20250911,000688.SH,1326.0329,5.3163
20250912,000688.SH,1338.018,0.9038
20250915,000688.SH,1340.3966,0.1778
20250916,000688.SH,1358.0474,1.3168
20250917,000688.SH,1370.4299,0.9118
20250918,000688.SH,1380.351,0.7239
20250919,000688.SH,1362.6494,-1.2824
20250922,000688.SH,1408.6445,3.3754
20250923,000688.SH,1407.3017,-0.0953
20250924,000688.SH,1456.4693,3.4937
20250925,000688.SH,1474.4866,1.2371
20250926,000688.SH,1450.824,-1.6048
20250929,000688.SH,1470.4144,1.3503
20250930,000688.SH,1495.2878,1.6916
20251009,000688.SH,1539.081,2.9287
20251010,000688.SH,1452.6753,-5.6141
20251013,000688.SH,1473.0172,1.4003
20251014,000688.SH,1410.3004,-4.2577
20251015,000688.SH,1429.9966,1.3966
20251016,000688.SH,1416.575,-0.9386
20251017,000688.SH,1363.1684,-3.7701
20251020,000688.SH,1367.8986,0.347
20251021,000688.SH,1406.3183,2.8087
20251022,000688.SH,1405.407,-0.0648
20251023,000688.SH,1401.2558,-0.2954
20251024,000688.SH,1462.222,4.3508
20251027,000688.SH,1484.2064,1.5035
20251028,000688.SH,1471.7309,-0.8406
20251029,000688.SH,1489.1233,1.1818
20251030,000688.SH,1461.3001,-1.8684
20251031,000688.SH,1415.5254,-3.1325
20251103,000688.SH,1400.8585,-1.0361
20251104,000688.SH,1387.2392,-0.9722
20251105,000688.SH,1390.3946,0.2275
20251106,000688.SH,1436.858,3.3417
20251107,000688.SH,1415.6855,-1.4735
20251110,000688.SH,1407.5576,-0.5741
20251111,000688.SH,1387.5337,-1.4226
20251112,000688.SH,1379.4518,-0.5825
20251113,000688.SH,1399.2916,1.4382
20251114,000688.SH,1361.2323,-2.7199
20251117,000688.SH,1354.0376,-0.5285
20251118,000688.SH,1357.9264,0.2872
20251119,000688.SH,1344.7956,-0.967
20251120,000688.SH,1328.1856,-1.2351
20251121,000688.SH,1285.8303,-3.189
20251124,000688.SH,1296.6023,0.8377
20251125,000688.SH,1302.1669,0.4292
20251126,000688.SH,1315.0411,0.9887
20251127,000688.SH,1310.7005,-0.3301
20251128,000688.SH,1327.1493,1.255
20251201,000688.SH,1336.7561,0.7239
20251202,000688.SH,1320.1564,-1.2418
20251203,000688.SH,1308.3672,-0.893
20251204,000688.SH,1326.1646,1.3603
20251205,000688.SH,1326.1014,-0.0048
20251208,000688.SH,1350.795,1.8621
20251209,000688.SH,1347.1052,-0.2732
20251210,000688.SH,1346.7028,-0.0299
20251211,000688.SH,1325.8307,-1.5499
20251212,000688.SH,1348.8808,1.7385
20251215,000688.SH,1318.9064,-2.2222
20251216,000688.SH,1293.3824,-1.9352
20251217,000688.SH,1325.3349,2.4705
20251218,000688.SH,1305.9664,-1.4614
20251219,000688.SH,1308.5889,0.2008
20251222,000688.SH,1335.2451,2.037
20251223,000688.SH,1340.015,0.3572
20251224,000688.SH,1352.1261,0.9038
20251225,000688.SH,1349.0577,-0.2269
20251226,000688.SH,1345.8267,-0.2395
20251229,000688.SH,1346.3188,0.0366
20251230,000688.SH,1359.8734,1.0068
20251231,000688.SH,1344.2002,-1.1525
20260105,000688.SH,1403.4142,4.4051
20260106,000688.SH,1429.3023,1.8447
20260107,000688.SH,1443.388,0.9855
20260108,000688.SH,1455.1729,0.8165
20260109,000688.SH,1475.9676,1.429
20260112,000688.SH,1511.836,2.4302
20260113,000688.SH,1469.5699,-2.7957
20260114,000688.SH,1500.911,2.1327
20260115,000688.SH,1493.945,-0.4641
20260116,000688.SH,1514.0681,1.347
20260119,000688.SH,1506.8571,-0.4763
20260120,000688.SH,1482.9941,-1.5836
20260121,000688.SH,1535.3934,3.5333
20260122,000688.SH,1541.638,0.4067
20260123,000688.SH,1553.7073,0.7829
20260126,000688.SH,1532.796,-1.3459
20260127,000688.SH,1555.9783,1.5124
20260128,000688.SH,1554.8037,-0.0755
20260129,000688.SH,1507.6398,-3.0334
20260130,000688.SH,1509.4018,0.1169
20260202,000688.SH,1450.8976,-3.876
20260203,000688.SH,1471.0688,1.3903
20260204,000688.SH,1453.4764,-1.1959
20260205,000688.SH,1432.5216,-1.4417
20260206,000688.SH,1422.406,-0.7061
20260209,000688.SH,1458.1627,2.5138
20260210,000688.SH,1471.4978,0.9145
20260211,000688.SH,1455.1144,-1.1134
20260212,000688.SH,1480.9946,1.7786
20260213,000688.SH,1470.3333,-0.7199
20260224,000688.SH,1465.365,-0.3379
20250120,399303.SZ,7492.3156,0.8647
20250121,399303.SZ,7526.8768,0.4613
20250122,399303.SZ,7448.0754,-1.0469
20250123,399303.SZ,7421.9854,-0.3503
20250124,399303.SZ,7557.9487,1.8319
20250127,399303.SZ,7434.541,-1.6328
20250205,399303.SZ,7506.2492,0.9645
20250206,399303.SZ,7718.1509,2.823
20250207,399303.SZ,7833.9543,1.5004
20250210,399303.SZ,7965.0174,1.673
20250211,399303.SZ,7939.525,-0.3201
20250212,399303.SZ,8054.5619,1.4489
20250213,399303.SZ,7959.4985,-1.1802
20250214,399303.SZ,7988.4931,0.3643
20250217,399303.SZ,8076.158,1.0974
20250218,399303.SZ,7881.1838,-2.4142
20250219,399303.SZ,8095.6875,2.7217
20250220,399303.SZ,8171.5816,0.9375
20250221,399303.SZ,8314.9542,1.7545
20250224,399303.SZ,8323.9112,0.1077
20250225,399303.SZ,8288.4738,-0.4257
20250226,399303.SZ,8414.0268,1.5148
20250227,399303.SZ,8380.7084,-0.396
20250228,399303.SZ,8055.5681,-3.8796
20250303,399303.SZ,8067.8112,0.152
20250304,399303.SZ,8179.8779,1.3891
20250305,399303.SZ,8241.8588,0.7577
20250306,399303.SZ,8422.9334,2.197
20250307,399303.SZ,8377.9881,-0.5336
20250310,399303.SZ,8392.966,0.1788
20250311,399303.SZ,8419.2467,0.3131
20250312,399303.SZ,8458.6798,0.4684
20250313,399303.SZ,8315.9604,-1.6873
20250314,399303.SZ,8462.7031,1.7646
20250317,399303.SZ,8505.1224,0.5013
20250318,399303.SZ,8546.4263,0.4856
20250319,399303.SZ,8491.9817,-0.637
20250320,399303.SZ,8476.9773,-0.1767
20250321,399303.SZ,8302.6776,-2.0562
20250324,399303.SZ,8207.61,-1.145
20250325,399303.SZ,8129.2351,-0.9549
20250326,399303.SZ,8186.8309,0.7085
20250327,399303.SZ,8156.608,-0.3692
20250328,399303.SZ,8055.157,-1.2438
20250331,399303.SZ,7987.557,-0.8392
20250401,399303.SZ,8043.7214,0.7031
20250402,399303.SZ,8067.5562,0.2963
20250403,399303.SZ,7970.1266,-1.2077
20250407,399303.SZ,6981.0045,-12.4104
20250408,399303.SZ,7002.3747,0.3061
20250409,399303.SZ,7180.8601,2.5489
20250410,399303.SZ,7377.1638,2.7337
20250411,399303.SZ,7468.9433,1.2441
20250414,399303.SZ,7594.3893,1.6796
20250415,399303.SZ,7574.683,-0.2595
20250416,399303.SZ,7454.8416,-1.5821
20250417,399303.SZ,7478.1958,0.3133
20250418,399303.SZ,7472.5656,-0.0753
20250421,399303.SZ,7642.6385,2.276
20250422,399303.SZ,7636.6837,-0.0779
20250423,399303.SZ,7705.4585,0.9006
20250424,399303.SZ,7625.5012,-1.0377
20250425,399303.SZ,7650.629,0.3295
20250428,399303.SZ,7554.4449,-1.2572
20250429,399303.SZ,7606.177,0.6848
20250430,399303.SZ,7685.3696,1.0412
20250506,399303.SZ,7908.1314,2.8985
20250507,399303.SZ,7928.1539,0.2532
20250508,399303.SZ,8001.5632,0.9259
20250509,399303.SZ,7892.8069,-1.3592
20250512,399303.SZ,8011.8482,1.5082
20250513,399303.SZ,7986.1333,-0.321
20250514,399303.SZ,7992.5974,0.0809
20250515,399303.SZ,7865.7794,-1.5867
20250516,399303.SZ,7905.0556,0.4993
20250519,399303.SZ,7948.6766,0.5518
20250520,399303.SZ,8014.736,0.8311
20250521,399303.SZ,7978.5991,-0.4509
20250522,399303.SZ,7882.8923,-1.1995
20250523,399303.SZ,7793.7004,-1.1315
20250526,399303.SZ,7859.3956,0.8429
20250527,399303.SZ,7847.606,-0.15
20250528,399303.SZ,7823.6126,-0.3057
20250529,399303.SZ,7971.6551,1.8923
20250530,399303.SZ,7866.8895,-1.3142
20250603,399303.SZ,7930.4825,0.8084
20250604,399303.SZ,8006.7806,0.9621
20250605,399303.SZ,8062.7234,0.6987
20250606,399303.SZ,8047.5023,-0.1888
20250609,399303.SZ,8156.0603,1.349
20250610,399303.SZ,8085.2917,-0.8677
20250611,399303.SZ,8116.4934,0.3859
20250612,399303.SZ,8133.1717,0.2055
20250613,399303.SZ,7988.1506,-1.7831
20250616,399303.SZ,8062.6288,0.9324
20250617,399303.SZ,8050.1193,-0.1552
20250618,399303.SZ,8046.1806,-0.0489
20250619,399303.SZ,7907.1615,-1.7278
20250620,399303.SZ,7841.5671,-0.8296
20250623,399303.SZ,7962.7127,1.5449
20250624,399303.SZ,8126.8828,2.0617
20250625,399303.SZ,8224.5502,1.2018
20250626,399303.SZ,8194.6502,-0.3635
20250627,399303.SZ,8228.6216,0.4146
20250630,399303.SZ,8339.4937,1.3474
20250701,399303.SZ,8362.1735,0.272
20250702,399303.SZ,8277.6518,-1.0108
20250703,399303.SZ,8334.9064,0.6917
20250704,399303.SZ,8272.4389,-0.7495
20250707,399303.SZ,8299.6859,0.3294
20250708,399303.SZ,8407.1319,1.2946
20250709,399303.SZ,8385.1572,-0.2614
20250710,399303.SZ,8392.8966,0.0923
20250711,399303.SZ,8461.6761,0.8195
20250714,399303.SZ,8491.3791,0.351
20250715,399303.SZ,8463.1049,-0.333
20250716,399303.SZ,8506.7629,0.5159
20250717,399303.SZ,8608.4039,1.1948
20250718,399303.SZ,8619.4718,0.1286
20250721,399303.SZ,8707.5439,1.0218
20250722,399303.SZ,8729.9621,0.2575
20250723,399303.SZ,8675.5293,-0.6235
20250724,399303.SZ,8782.4263,1.2322
20250725,399303.SZ,8801.8785,0.2215
20250728,399303.SZ,8845.7332,0.4982
20250729,399303.SZ,8902.4653,0.6413
20250730,399303.SZ,8819.6934,-0.9298
20250731,399303.SZ,8765.8625,-0.6103
20250801,399303.SZ,8785.3868,0.2227
20250804,399303.SZ,8898.5338,1.2879
20250805,399303.SZ,8962.9406,0.7238
20250806,399303.SZ,9060.7343,1.0911
20250807,399303.SZ,9062.766,0.0224
20250808,399303.SZ,9025.7666,-0.4083
20250811,399303.SZ,9170.5025,1.6036
20250812,399303.SZ,9194.4858,0.2615
20250813,399303.SZ,9324.466,1.4137
20250814,399303.SZ,9179.2959,-1.5569
20250815,399303.SZ,9374.513,2.1267
20250818,399303.SZ,9566.3107,2.0459
20250819,399303.SZ,9595.6899,0.3071
20250820,399303.SZ,9657.0798,0.6398
20250821,399303.SZ,9584.4159,-0.7524
20250822,399303.SZ,9699.7744,1.2036
20250825,399303.SZ,9845.8017,1.5055
20250826,399303.SZ,9832.8669,-0.1314
20250827,399303.SZ,9634.8367,-2.014
20250828,399303.SZ,9759.2819,1.2916
20250829,399303.SZ,9731.7678,-0.2819
20250901,399303.SZ,9825.7108,0.9653
20250902,399303.SZ,9581.5596,-2.4848
20250903,399303.SZ,9424.9769,-1.6342
20250904,399303.SZ,9229.5349,-2.0737
20250905,399303.SZ,9497.6287,2.9047
20250908,399303.SZ,9594.4373,1.0193
20250909,399303.SZ,9464.4734,-1.3546
20250910,399303.SZ,9485.6441,0.2237
20250911,399303.SZ,9700.0471,2.2603
20250912,399303.SZ,9719.5947,0.2015
20250915,399303.SZ,9711.1833,-0.0865
20250916,399303.SZ,9828.6771,1.2099
20250917,399303.SZ,9899.1611,0.7171
20250918,399303.SZ,9794.3263,-1.059
20250919,399303.SZ,9722.156,-0.7369
20250922,399303.SZ,9783.1173,0.627
20250923,399303.SZ,9655.0528,-1.309
20250924,399303.SZ,9802.7299,1.5295
20250925,399303.SZ,9759.3984,-0.442
20250926,399303.SZ,9598.2532,-1.6512
20250929,399303.SZ,9705.4585,1.1169
20250930,399303.SZ,9776.8418,0.7355
20251009,399303.SZ,9860.2416,0.853
20251010,399303.SZ,9744.3013,-1.1758
20251013,399303.SZ,9711.8766,-0.3328
20251014,399303.SZ,9529.446,-1.8784
20251015,399303.SZ,9685.4792,1.6374
20251016,399303.SZ,9573.2195,-1.1591
20251017,399303.SZ,9287.1019,-2.9887
20251020,399303.SZ,9390.4369,1.1127
20251021,399303.SZ,9547.875,1.6766
20251022,399303.SZ,9509.8406,-0.3984
20251023,399303.SZ,9497.146,-0.1335
20251024,399303.SZ,9619.7122,1.2906
20251027,399303.SZ,9721.0873,1.0538
20251028,399303.SZ,9719.0214,-0.0213
20251029,399303.SZ,9807.7782,0.9132
20251030,399303.SZ,9674.7362,-1.3565
20251031,399303.SZ,9732.9766,0.602
20251103,399303.SZ,9791.2588,0.5988
20251104,399303.SZ,9662.6925,-1.3131
20251105,399303.SZ,9711.4604,0.5047
20251106,399303.SZ,9811.5128,1.0303
20251107,399303.SZ,9784.0565,-0.2798
20251110,399303.SZ,9827.3462,0.4425
20251111,399303.SZ,9821.8774,-0.0556
20251112,399303.SZ,9751.9925,-0.7115
20251113,399303.SZ,9876.8608,1.2804
20251114,399303.SZ,9771.2829,-1.0689
20251117,399303.SZ,9805.2641,0.3478
20251118,399303.SZ,9695.3953,-1.1205
20251119,399303.SZ,9593.9534,-1.0463
20251120,399303.SZ,9520.6824,-0.7637
20251121,399303.SZ,9161.5035,-3.7726
20251124,399303.SZ,9320.0178,1.7302
20251125,399303.SZ,9467.6322,1.5838
20251126,399303.SZ,9452.9618,-0.155
20251127,399303.SZ,9468.6602,0.1661
20251128,399303.SZ,9573.5804,1.1081
20251201,399303.SZ,9647.5708,0.7729
20251202,399303.SZ,9567.4743,-0.8302
20251203,399303.SZ,9474.0319,-0.9767
20251204,399303.SZ,9439.075,-0.369
20251205,399303.SZ,9592.1871,1.6221
20251208,399303.SZ,9724.1312,1.3755
20251209,399303.SZ,9681.7612,-0.4357
20251210,399303.SZ,9709.5943,0.2875
20251211,399303.SZ,9571.3658,-1.4236
20251212,399303.SZ,9658.3161,0.9084
20251215,399303.SZ,9598.551,-0.6188
20251216,399303.SZ,9426.652,-1.7909
20251217,399303.SZ,9541.3818,1.2171
20251218,399303.SZ,9524.4794,-0.1771
20251219,399303.SZ,9622.4646,1.0288
20251222,399303.SZ,9723.6194,1.0512
20251223,399303.SZ,9692.4673,-0.3204
20251224,399303.SZ,9848.0432,1.6051
20251225,399303.SZ,9964.9995,1.1876
20251226,399303.SZ,9964.2553,-0.0075
20251229,399303.SZ,9958.9131,-0.0536
20251230,399303.SZ,9954.6082,-0.0432
20251231,399303.SZ,9955.8459,0.0124
20260105,399303.SZ,10155.8077,2.0085
20260106,399303.SZ,10293.1351,1.3522
20260107,399303.SZ,10348.5438,0.5383
20260108,399303.SZ,10468.513,1.1593
20260109,399303.SZ,10673.6077,1.9592
20260112,399303.SZ,10985.0224,2.9176
20260113,399303.SZ,10780.3505,-1.8632
20260114,399303.SZ,10881.0526,0.9341
20260115,399303.SZ,10815.7326,-0.6003
20260116,399303.SZ,10813.6313,-0.0194
20260119,399303.SZ,10885.5773,0.6653
20260120,399303.SZ,10757.6176,-1.1755
20260121,399303.SZ,10859.2916,0.9451
20260122,399303.SZ,10955.5609,0.8865
20260123,399303.SZ,11173.2559,1.9871
20260126,399303.SZ,11021.3135,-1.3599
20260127,399303.SZ,11058.5585,0.3379
20260128,399303.SZ,11049.3229,-0.0835
20260129,399303.SZ,10929.7469,-1.0822
20260130,399303.SZ,10865.0312,-0.5921
20260202,399303.SZ,10532.0871,-3.0644
20260203,399303.SZ,10855.9722,3.0752
20260204,399303.SZ,10851.8865,-0.0376
20260205,399303.SZ,10670.7478,-1.6692
20260206,399303.SZ,10676.4819,0.0537
20260209,399303.SZ,10910.4425,2.1914
20260210,399303.SZ,10913.5373,0.0284
20260211,399303.SZ,10882.9367,-0.2804
20260212,399303.SZ,10969.2545,0.7931
20260213,399303.SZ,10857.5872,-1.018
20260224,399303.SZ,10969.7061,1.0326
20250120,000985.CSI,4663.5344,0.5924
20250121,000985.CSI,4671.0569,0.1613
20250122,000985.CSI,4627.9754,-0.9223
20250123,000985.CSI,4623.6343,-0.0938
20250124,000985.CSI,4674.2252,1.0942
20250127,000985.CSI,4632.6668,-0.8891
20250205,000985.CSI,4639.2042,0.1411
20250206,000985.CSI,4728.5774,1.9265
20250207,000985.CSI,4796.0356,1.4266
20250210,000985.CSI,4839.787,0.9122
20250211,000985.CSI,4819.451,-0.4202
20250212,000985.CSI,4876.2831,1.1792
20250213,000985.CSI,4844.6541,-0.6486
20250214,000985.CSI,4875.0667,0.6278
20250217,000985.CSI,4899.8306,0.508
20250218,000985.CSI,4820.1935,-1.6253
20250219,000985.CSI,4893.4126,1.519
20250220,000985.CSI,4905.7065,0.2512
20250221,000985.CSI,4973.1136,1.3741
20250224,000985.CSI,4971.2614,-0.0372
20250225,000985.CSI,4930.2958,-0.824
20250226,000985.CSI,4986.8902,1.1479
20250227,000985.CSI,4983.1606,-0.0748
20250228,000985.CSI,4847.4068,-2.7243
20250303,000985.CSI,4853.1956,0.1194
20250304,000985.CSI,4882.4483,0.6028
20250305,000985.CSI,4905.0251,0.4624
20250306,000985.CSI,4985.9685,1.6502
20250307,000985.CSI,4964.774,-0.4251
20250310,000985.CSI,4961.5772,-0.0644
20250311,000985.CSI,4980.1333,0.374
20250312,000985.CSI,4979.8703,-0.0053
20250313,000985.CSI,4935.9673,-0.8816
20250314,000985.CSI,5037.2472,2.0519
20250317,000985.CSI,5042.8386,0.111
20250318,000985.CSI,5060.9371,0.3589
20250319,000985.CSI,5045.4785,-0.3054
20250320,000985.CSI,5015.2423,-0.5993
20250321,000985.CSI,4931.8154,-1.6635
20250324,000985.CSI,4918.6355,-0.2672
20250325,000985.CSI,4899.4243,-0.3906
20250326,000985.CSI,4905.4683,0.1234
20250327,000985.CSI,4906.853,0.0282
20250328,000985.CSI,4868.7456,-0.7766
20250331,000985.CSI,4826.864,-0.8602
20250401,000985.CSI,4844.5323,0.366
20250402,000985.CSI,4847.5648,0.0626
20250403,000985.CSI,4809.7335,-0.7804
20250407,000985.CSI,4365.1772,-9.2428
20250408,000985.CSI,4409.9796,1.0264
20250409,000985.CSI,4486.4734,1.7346
20250410,000985.CSI,4571.4749,1.8946
20250411,000985.CSI,4603.0324,0.6903
20250414,000985.CSI,4643.0728,0.8699
20250415,000985.CSI,4637.0127,-0.1305
20250416,000985.CSI,4612.7151,-0.524
20250417,000985.CSI,4617.8818,0.112
20250418,000985.CSI,4616.8376,-0.0226
20250421,000985.CSI,4668.9115,1.1279
20250422,000985.CSI,4665.2724,-0.0779
20250423,000985.CSI,4681.0836,0.3389
20250424,000985.CSI,4658.5796,-0.4807
20250425,000985.CSI,4667.5574,0.1927
20250428,000985.CSI,4639.9026,-0.5925
20250429,000985.CSI,4649.0354,0.1968
20250430,000985.CSI,4666.796,0.382
20250506,000985.CSI,4751.8023,1.8215
20250507,000985.CSI,4775.7525,0.504
20250508,000985.CSI,4807.3861,0.6624
20250509,000985.CSI,4773.3335,-0.7083
20250512,000985.CSI,4834.218,1.2755
20250513,000985.CSI,4831.2375,-0.0617
20250514,000985.CSI,4864.4848,0.6882
20250515,000985.CSI,4807.4037,-1.1734
20250516,000985.CSI,4805.3678,-0.0423
20250519,000985.CSI,4812.0505,0.1391
20250520,000985.CSI,4843.5682,0.655
20250521,000985.CSI,4846.772,0.0661
20250522,000985.CSI,4816.9777,-0.6147
20250523,000985.CSI,4771.6242,-0.9415
20250526,000985.CSI,4776.1769,0.0954
20250527,000985.CSI,4761.0651,-0.3164
20250528,000985.CSI,4751.0116,-0.2112
20250529,000985.CSI,4805.6622,1.1503
20250530,000985.CSI,4764.6041,-0.8544
20250603,000985.CSI,4788.3736,0.4989
20250604,000985.CSI,4821.1125,0.6837
20250605,000985.CSI,4840.0784,0.3934
20250606,000985.CSI,4834.8625,-0.1078
20250609,000985.CSI,4870.4276,0.7356
20250610,000985.CSI,4836.6673,-0.6932
20250611,000985.CSI,4866.33,0.6133
20250612,000985.CSI,4868.9156,0.0531
20250613,000985.CSI,4813.1973,-1.1444
20250616,000985.CSI,4838.2264,0.52
20250617,000985.CSI,4832.052,-0.1276
20250618,000985.CSI,4830.9253,-0.0233
20250619,000985.CSI,4772.1435,-1.2168
20250620,000985.CSI,4754.8273,-0.3629
20250623,000985.CSI,4794.1406,0.8268
20250624,000985.CSI,4868.0806,1.5423
20250625,000985.CSI,4933.5941,1.3458
20250626,000985.CSI,4916.5631,-0.3452
20250627,000985.CSI,4913.664,-0.059
20250630,000985.CSI,4954.2298,0.8256
20250701,000985.CSI,4966.8164,0.2541
20250702,000985.CSI,4947.1364,-0.3962
20250703,000985.CSI,4976.6567,0.5967
20250704,000985.CSI,4969.2135,-0.1496
20250707,000985.CSI,4966.0964,-0.0627
20250708,000985.CSI,5018.7943,1.0612
20250709,000985.CSI,5008.498,-0.2052
20250710,000985.CSI,5026.4907,0.3592
20250711,000985.CSI,5045.7649,0.3835
20250714,000985.CSI,5052.9342,0.1421
20250715,000985.CSI,5042.6524,-0.2035
20250716,000985.CSI,5044.1262,0.0292
20250717,000985.CSI,5090.8179,0.9257
20250718,000985.CSI,5110.4533,0.3857
20250721,000985.CSI,5156.7249,0.9054
20250722,000985.CSI,5188.2653,0.6116
20250723,000985.CSI,5173.4662,-0.2852
20250724,000985.CSI,5229.1045,1.0755
20250725,000985.CSI,5220.9501,-0.1559
20250728,000985.CSI,5238.8019,0.3419
20250729,000985.CSI,5262.3192,0.4489
20250730,000985.CSI,5241.3291,-0.3989
20250731,000985.CSI,5168.7487,-1.3848
20250801,000985.CSI,5161.0932,-0.1481
20250804,000985.CSI,5199.566,0.7454
20250805,000985.CSI,5239.873,0.7752
20250806,000985.CSI,5272.0772,0.6146
20250807,000985.CSI,5271.1082,-0.0184
20250808,000985.CSI,5258.7829,-0.2338
20250811,000985.CSI,5310.5124,0.9837
20250812,000985.CSI,5328.3963,0.3368
20250813,000985.CSI,5382.3491,1.0126
20250814,000985.CSI,5336.8328,-0.8457
20250815,000985.CSI,5412.0181,1.4088
20250818,000985.CSI,5486.5658,1.3774
20250819,000985.CSI,5483.4519,-0.0568
20250820,000985.CSI,5536.4422,0.9664
20250821,000985.CSI,5529.2107,-0.1306
20250822,000985.CSI,5620.4251,1.6497
20250825,000985.CSI,5722.0751,1.8086
20250826,000985.CSI,5715.7895,-0.1098
20250827,000985.CSI,5615.1579,-1.7606
20250828,000985.CSI,5703.5468,1.5741
20250829,000985.CSI,5723.9513,0.3578
20250901,000985.CSI,5769.4505,0.7949
20250902,000985.CSI,5684.0008,-1.4811
20250903,000985.CSI,5615.6393,-1.2027
20250904,000985.CSI,5502.1096,-2.0217
20250905,000985.CSI,5642.5939,2.5533
20250908,000985.CSI,5681.2263,0.6847
20250909,000985.CSI,5629.7514,-0.9061
20250910,000985.CSI,5641.2055,0.2035
20250911,000985.CSI,5769.357,2.2717
20250912,000985.CSI,5759.2864,-0.1746
20250915,000985.CSI,5764.1615,0.0846
20250916,000985.CSI,5790.9336,0.4645
20250917,000985.CSI,5829.8423,0.6719
20250918,000985.CSI,5766.7158,-1.0828
20250919,000985.CSI,5749.1028,-0.3054
20250922,000985.CSI,5778.2598,0.5072
20250923,000985.CSI,5742.3736,-0.6211
20250924,000985.CSI,5821.912,1.3851
20250925,000985.CSI,5831.1453,0.1586
20250926,000985.CSI,5760.8978,-1.2047
20250929,000985.CSI,5840.4498,1.3809
20250930,000985.CSI,5875.4607,0.5995
20251009,000985.CSI,5952.8519,1.3172
20251010,000985.CSI,5855.6487,-1.6329
20251013,000985.CSI,5833.9572,-0.3704
20251014,000985.CSI,5741.3317,-1.5877
20251015,000985.CSI,5826.4868,1.4832
20251016,000985.CSI,5800.591,-0.4444
20251017,000985.CSI,5652.4627,-2.5537
20251020,000985.CSI,5697.1596,0.7908
20251021,000985.CSI,5788.8328,1.6091
20251022,000985.CSI,5764.9285,-0.4129
20251023,000985.CSI,5772.7822,0.1362
20251024,000985.CSI,5842.5729,1.209
20251027,000985.CSI,5913.0717,1.2066
20251028,000985.CSI,5893.1369,-0.3371
20251029,000985.CSI,5961.1939,1.1549
20251030,000985.CSI,5898.9039,-1.0449
20251031,000985.CSI,5866.6477,-0.5468
20251103,000985.CSI,5888.6791,0.3755
20251104,000985.CSI,5827.9277,-1.0317
20251105,000985.CSI,5847.9281,0.3432
20251106,000985.CSI,5918.754,1.2111
20251107,000985.CSI,5903.5784,-0.2564
20251110,000985.CSI,5926.6604,0.391
20251111,000985.CSI,5895.6448,-0.5233
20251112,000985.CSI,5871.6254,-0.4074
20251113,000985.CSI,5948.0018,1.3008
20251114,000985.CSI,5872.1266,-1.2756
20251117,000985.CSI,5864.1259,-0.1362
20251118,000985.CSI,5809.5974,-0.9299
20251119,000985.CSI,5793.2882,-0.2807
20251120,000985.CSI,5755.7861,-0.6473
20251121,000985.CSI,5575.4763,-3.1327
20251124,000985.CSI,5608.6852,0.5956
20251125,000985.CSI,5676.3258,1.206
20251126,000985.CSI,5690.0807,0.2423
20251127,000985.CSI,5690.0121,-0.0012
20251128,000985.CSI,5732.7705,0.7515
20251201,000985.CSI,5787.1771,0.949
20251202,000985.CSI,5750.4032,-0.6354
20251203,000985.CSI,5710.5761,-0.6926
20251204,000985.CSI,5711.8004,0.0214
20251205,000985.CSI,5776.8309,1.1385
20251208,000985.CSI,5835.5518,1.0165
20251209,000985.CSI,5802.8454,-0.5605
20251210,000985.CSI,5809.3538,0.1122
20251211,000985.CSI,5745.0693,-1.1066
20251212,000985.CSI,5787.8638,0.7449
20251215,000985.CSI,5751.5535,-0.6274
20251216,000985.CSI,5668.201,-1.4492
20251217,000985.CSI,5756.2311,1.5531
20251218,000985.CSI,5733.5503,-0.394
20251219,000985.CSI,5777.5379,0.7672
20251222,000985.CSI,5835.5355,1.0038
20251223,000985.CSI,5831.4676,-0.0697
20251224,000985.CSI,5883.6627,0.8951
20251225,000985.CSI,5918.5749,0.5934
20251226,000985.CSI,5938.2943,0.3332
20251229,000985.CSI,5921.1153,-0.2893
20251230,000985.CSI,5928.9589,0.1325
20251231,000985.CSI,5919.1153,-0.166
20260105,000985.CSI,6035.9837,1.9744
20260106,000985.CSI,6131.6937,1.5857
20260107,000985.CSI,6142.5656,0.1773
20260108,000985.CSI,6145.5399,0.0484
20260109,000985.CSI,6217.681,1.1739
20260112,000985.CSI,6325.6364,1.7363
20260113,000985.CSI,6251.4385,-1.173
20260114,000985.CSI,6270.4068,0.3034
20260115,000985.CSI,6259.8213,-0.1688
20260116,000985.CSI,6246.92,-0.2061
20260119,000985.CSI,6272.4514,0.4087
20260120,000985.CSI,6235.573,-0.5879
20260121,000985.CSI,6270.2606,0.5563
20260122,000985.CSI,6298.0605,0.4434
20260123,000985.CSI,6356.8198,0.933
20260126,000985.CSI,6314.8216,-0.6607
20260127,000985.CSI,6323.7761,0.1418
20260128,000985.CSI,6331.4853,0.1219
20260129,000985.CSI,6319.7731,-0.185
20260130,000985.CSI,6259.1819,-0.9588
20260202,000985.CSI,6088.2773,-2.7305
20260203,000985.CSI,6217.1276,2.1164
20260204,000985.CSI,6245.4352,0.4553
20260205,000985.CSI,6176.1306,-1.1097
20260206,000985.CSI,6161.613,-0.2351
20260209,000985.CSI,6279.1368,1.9074
20260210,000985.CSI,6283.2595,0.0657
20260211,000985.CSI,6272.7164,-0.1678
20260212,000985.CSI,6299.8953,0.4333
20260213,000985.CSI,6227.5438,-1.1485
20260224,000985.CSI,6295.2798,1.0877
20250120,932000.CSI,2360.7668,1.205
20250121,932000.CSI,2365.5769,0.2038
20250122,932000.CSI,2334.365,-1.3194
20250123,932000.CSI,2328.3962,-0.2557
20250124,932000.CSI,2362.2023,1.4519
20250127,932000.CSI,2322.824,-1.667
20250205,932000.CSI,2355.0711,1.3883
20250206,932000.CSI,2421.6349,2.8264
20250207,932000.CSI,2458.5009,1.5224
20250210,932000.CSI,2512.8083,2.209
20250211,932000.CSI,2505.6511,-0.2848
20250212,932000.CSI,2538.4526,1.3091
20250213,932000.CSI,2510.6488,-1.0953
20250214,932000.CSI,2506.6525,-0.1592
20250217,932000.CSI,2551.3773,1.7842
20250218,932000.CSI,2479.3598,-2.8227
20250219,932000.CSI,2552.7549,2.9602
20250220,932000.CSI,2584.4687,1.2423
20250221,932000.CSI,2617.6703,1.2847
20250224,932000.CSI,2622.3816,0.18
20250225,932000.CSI,2619.679,-0.1031
20250226,932000.CSI,2661.1473,1.583
20250227,932000.CSI,2653.2951,-0.2951
20250228,932000.CSI,2542.8524,-4.1625
20250303,932000.CSI,2547.4529,0.1809
20250304,932000.CSI,2587.01,1.5528
20250305,932000.CSI,2605.9622,0.7326
20250306,932000.CSI,2659.6743,2.0611
20250307,932000.CSI,2644.2955,-0.5782
20250310,932000.CSI,2654.6475,0.3915
20250311,932000.CSI,2662.3533,0.2903
20250312,932000.CSI,2681.8863,0.7337
20250313,932000.CSI,2632.5662,-1.839
20250314,932000.CSI,2679.8238,1.7951
20250317,932000.CSI,2700.723,0.7799
20250318,932000.CSI,2716.9011,0.599
20250319,932000.CSI,2702.1068,-0.5445
20250320,932000.CSI,2705.7788,0.1359
20250321,932000.CSI,2648.5611,-2.1146
20250324,932000.CSI,2598.3669,-1.8951
20250325,932000.CSI,2572.8175,-0.9833
20250326,932000.CSI,2603.1516,1.179
20250327,932000.CSI,2584.219,-0.7273
20250328,932000.CSI,2545.2395,-1.5084
20250331,932000.CSI,2514.3392,-1.214
20250401,932000.CSI,2536.6711,0.8882
20250402,932000.CSI,2543.5847,0.2725
20250403,932000.CSI,2517.5123,-1.025
20250407,932000.CSI,2194.4786,-12.8315
20250408,932000.CSI,2183.1187,-0.5177
20250409,932000.CSI,2248.3397,2.9875
20250410,932000.CSI,2318.5597,3.1232
20250411,932000.CSI,2341.0599,0.9704
20250414,932000.CSI,2392.1414,2.182
20250415,932000.CSI,2390.9521,-0.0497
20250416,932000.CSI,2350.1019,-1.7085
20250417,932000.CSI,2363.2559,0.5597
20250418,932000.CSI,2358.631,-0.1957
20250421,932000.CSI,2412.6639,2.2909
20250422,932000.CSI,2412.2985,-0.0151
20250423,932000.CSI,2440.6076,1.1735
20250424,932000.CSI,2415.5516,-1.0266
20250425,932000.CSI,2422.4874,0.2871
20250428,932000.CSI,2388.0251,-1.4226
20250429,932000.CSI,2411.6782,0.9905
20250430,932000.CSI,2442.8915,1.2943
20250506,932000.CSI,2522.3095,3.251
20250507,932000.CSI,2540.9823,0.7403
20250508,932000.CSI,2568.667,1.0895
20250509,932000.CSI,2530.3446,-1.4919
20250512,932000.CSI,2570.7334,1.5962
20250513,932000.CSI,2562.9121,-0.3042
20250514,932000.CSI,2565.7075,0.1091
20250515,932000.CSI,2531.9618,-1.3153
20250516,932000.CSI,2554.778,0.9011
20250519,932000.CSI,2576.7256,0.8591
20250520,932000.CSI,2598.3569,0.8395
20250521,932000.CSI,2577.5636,-0.8002
20250522,932000.CSI,2545.831,-1.2311
20250523,932000.CSI,2515.8813,-1.1764
20250526,932000.CSI,2547.4564,1.255
20250527,932000.CSI,2552.6575,0.2042
20250528,932000.CSI,2543.968,-0.3404
20250529,932000.CSI,2588.547,1.7523
20250530,932000.CSI,2543.1976,-1.7519
20250603,932000.CSI,2564.1167,0.8226
20250604,932000.CSI,2591.1784,1.0554
20250605,932000.CSI,2606.5146,0.5919
20250606,932000.CSI,2601.4941,-0.1926
20250609,932000.CSI,2638.8858,1.4373
20250610,932000.CSI,2617.3296,-0.8169
20250611,932000.CSI,2628.8683,0.4409
20250612,932000.CSI,2635.583,0.2554
20250613,932000.CSI,2582.0367,-2.0317
20250616,932000.CSI,2609.6711,1.0703
20250617,932000.CSI,2605.9732,-0.1417
20250618,932000.CSI,2598.6865,-0.2796
20250619,932000.CSI,2547.9906,-1.9508
20250620,932000.CSI,2524.8062,-0.9099
20250623,932000.CSI,2573.8394,1.9421
20250624,932000.CSI,2631.0436,2.2225
20250625,932000.CSI,2657.4055,1.002
20250626,932000.CSI,2652.534,-0.1833
20250627,932000.CSI,2664.9703,0.4688
20250630,932000.CSI,2705.9813,1.5389
20250701,932000.CSI,2713.6682,0.2841
20250702,932000.CSI,2690.6791,-0.8472
20250703,932000.CSI,2709.8858,0.7138
20250704,932000.CSI,2680.6835,-1.0776
20250707,932000.CSI,2698.6939,0.6719
20250708,932000.CSI,2733.4372,1.2874
20250709,932000.CSI,2731.206,-0.0816
20250710,932000.CSI,2729.9444,-0.0462
20250711,932000.CSI,2742.9699,0.4771
20250714,932000.CSI,2760.4326,0.6366
20250715,932000.CSI,2741.4809,-0.6865
20250716,932000.CSI,2759.0598,0.6412
20250717,932000.CSI,2789.0395,1.0866
20250718,932000.CSI,2790.7649,0.0619
20250721,932000.CSI,2826.2895,1.2729
20250722,932000.CSI,2826.4909,0.0071
20250723,932000.CSI,2801.4877,-0.8846
20250724,932000.CSI,2832.8678,1.1201
20250725,932000.CSI,2841.2916,0.2974
20250728,932000.CSI,2861.5064,0.7115
20250729,932000.CSI,2872.0657,0.369
20250730,932000.CSI,2846.3288,-0.8961
20250731,932000.CSI,2827.9729,-0.6449
20250801,932000.CSI,2840.9412,0.4586
20250804,932000.CSI,2885.3139,1.5619
20250805,932000.CSI,2911.2842,0.9001
20250806,932000.CSI,2946.0201,1.1931
20250807,932000.CSI,2948.1274,0.0715
20250808,932000.CSI,2941.4675,-0.2259
20250811,932000.CSI,2991.5948,1.7042
20250812,932000.CSI,2993.3164,0.0575
20250813,932000.CSI,3024.426,1.0393
20250814,932000.CSI,2967.9281,-1.8681
20250815,932000.CSI,3028.2287,2.0317
20250818,932000.CSI,3093.1144,2.1427
20250819,932000.CSI,3114.6111,0.695
20250820,932000.CSI,3127.8015,0.4235
20250821,932000.CSI,3104.5337,-0.7439
20250822,932000.CSI,3126.0277,0.6923
20250825,932000.CSI,3162.6244,1.1707
20250826,932000.CSI,3163.1485,0.0166
20250827,932000.CSI,3089.8463,-2.3174
20250828,932000.CSI,3112.2762,0.7259
20250829,932000.CSI,3101.5438,-0.3448
20250901,932000.CSI,3134.7334,1.0701
20250902,932000.CSI,3072.4003,-1.9885
20250903,932000.CSI,3010.1112,-2.0274
20250904,932000.CSI,2966.6048,-1.4453
20250905,932000.CSI,3048.0796,2.7464
20250908,932000.CSI,3085.2103,1.2182
20250909,932000.CSI,3045.3593,-1.2917
20250910,932000.CSI,3055.1137,0.3203
20250911,932000.CSI,3113.6487,1.916
20250912,932000.CSI,3113.9337,0.0092
20250915,932000.CSI,3110.6046,-0.1069
20250916,932000.CSI,3160.7777,1.613
20250917,932000.CSI,3174.1685,0.4237
20250918,932000.CSI,3139.755,-1.0842
20250919,932000.CSI,3113.4021,-0.8393
20250922,932000.CSI,3126.7278,0.428
20250923,932000.CSI,3082.0908,-1.4276
20250924,932000.CSI,3124.8833,1.3884
20250925,932000.CSI,3105.76,-0.612
20250926,932000.CSI,3057.6976,-1.5475
20250929,932000.CSI,3083.337,0.8385
20250930,932000.CSI,3093.3127,0.3235
20251009,932000.CSI,3113.0059,0.6366
20251010,932000.CSI,3091.4807,-0.6915
20251013,932000.CSI,3085.5392,-0.1922
20251014,932000.CSI,3036.9306,-1.5754
20251015,932000.CSI,3088.4591,1.6967
20251016,932000.CSI,3050.4203,-1.2316
20251017,932000.CSI,2963.3308,-2.855
20251020,932000.CSI,3005.7514,1.4315
20251021,932000.CSI,3063.8456,1.9328
20251022,932000.CSI,3052.4469,-0.372
20251023,932000.CSI,3045.8366,-0.2166
20251024,932000.CSI,3074.4913,0.9408
20251027,932000.CSI,3103.5237,0.9443
20251028,932000.CSI,3108.8665,0.1722
20251029,932000.CSI,3118.328,0.3043
20251030,932000.CSI,3071.3842,-1.5054
20251031,932000.CSI,3103.7385,1.0534
20251103,932000.CSI,3127.7601,0.774
20251104,932000.CSI,3100.9496,-0.8572
20251105,932000.CSI,3124.9333,0.7734
20251106,932000.CSI,3143.7167,0.6011
20251107,932000.CSI,3131.1258,-0.4005
20251110,932000.CSI,3150.3517,0.614
20251111,932000.CSI,3162.9626,0.4003
20251112,932000.CSI,3141.3218,-0.6842
20251113,932000.CSI,3179.871,1.2272
20251114,932000.CSI,3158.8906,-0.6598
20251117,932000.CSI,3178.7502,0.6287
20251118,932000.CSI,3136.8281,-1.3188
20251119,932000.CSI,3092.4723,-1.414
20251120,932000.CSI,3066.7756,-0.8309
20251121,932000.CSI,2944.5633,-3.985
20251124,932000.CSI,2999.2626,1.8576
20251125,932000.CSI,3051.7084,1.7486
20251126,932000.CSI,3041.4159,-0.3373
20251127,932000.CSI,3050.924,0.3126
20251128,932000.CSI,3091.3782,1.326
20251201,932000.CSI,3112.9618,0.6982
20251202,932000.CSI,3098.2434,-0.4728
20251203,932000.CSI,3066.4164,-1.0273
20251204,932000.CSI,3043.529,-0.7464
20251205,932000.CSI,3100.3133,1.8657
20251208,932000.CSI,3145.7298,1.4649
20251209,932000.CSI,3128.9699,-0.5328
20251210,932000.CSI,3134.4949,0.1766
20251211,932000.CSI,3081.3346,-1.696
20251212,932000.CSI,3101.7655,0.6631
20251215,932000.CSI,3094.4264,-0.2366
20251216,932000.CSI,3041.0041,-1.7264
20251217,932000.CSI,3063.8605,0.7516
20251218,932000.CSI,3066.0946,0.0729
20251219,932000.CSI,3111.1622,1.4699
20251222,932000.CSI,3137.9195,0.86
20251223,932000.CSI,3118.2996,-0.6253
20251224,932000.CSI,3166.7413,1.5535
20251225,932000.CSI,3208.14,1.3073
20251226,932000.CSI,3206.5109,-0.0508
20251229,932000.CSI,3205.927,-0.0182
20251230,932000.CSI,3200.1755,-0.1794
20251231,932000.CSI,3203.2319,0.0955
20260105,932000.CSI,3257.0905,1.6814
20260106,932000.CSI,3296.7971,1.2191
20260107,932000.CSI,3313.9154,0.5192
20260108,932000.CSI,3356.8917,1.2968
20260109,932000.CSI,3412.8377,1.6666
20260112,932000.CSI,3507.1141,2.7624
20260113,932000.CSI,3444.3116,-1.7907
20260114,932000.CSI,3477.3626,0.9596
20260115,932000.CSI,3443.4653,-0.9748
20260116,932000.CSI,3445.0691,0.0466
20260119,932000.CSI,3484.432,1.1426
20260120,932000.CSI,3449.8185,-0.9934
20260121,932000.CSI,3484.1848,0.9962
20260122,932000.CSI,3519.0616,1.001
20260123,932000.CSI,3584.3964,1.8566
20260126,932000.CSI,3527.6287,-1.5837
20260127,932000.CSI,3537.2076,0.2715
20260128,932000.CSI,3511.3732,-0.7304
20260129,932000.CSI,3468.8146,-1.212
20260130,932000.CSI,3464.6869,-0.119
20260202,932000.CSI,3381.3605,-2.405
20260203,932000.CSI,3476.9308,2.8264
20260204,932000.CSI,3480.8289,0.1121
20260205,932000.CSI,3438.212,-1.2243
20260206,932000.CSI,3452.7846,0.4238
20260209,932000.CSI,3525.8316,2.1156
20260210,932000.CSI,3522.2271,-0.1022
20260211,932000.CSI,3506.9743,-0.433
20260212,932000.CSI,3516.2864,0.2655
20260213,932000.CSI,3493.1845,-0.657
20260224,932000.CSI,3536.6924,1.2455
20250120,000300.SH,3829.6764,0.4547
20250121,000300.SH,3832.6145,0.0767
20250122,000300.SH,3797.0166,-0.9288
20250123,000300.SH,3803.7439,0.1772
20250124,000300.SH,3832.8637,0.7656
20250127,000300.SH,3817.0802,-0.4118
20250205,000300.SH,3795.0848,-0.5762
20250206,000300.SH,3842.8314,1.2581
20250207,000300.SH,3892.7028,1.2978
20250210,000300.SH,3901.0618,0.2147
20250211,000300.SH,3883.1352,-0.4595
20250212,000300.SH,3919.8617,0.9458
20250213,000300.SH,3905.1398,-0.3756
20250214,000300.SH,3939.0085,0.8673
20250217,000300.SH,3947.3983,0.213
20250218,000300.SH,3912.7829,-0.8769
20250219,000300.SH,3940.1602,0.6997
20250220,000300.SH,3928.8959,-0.2859
20250221,000300.SH,3978.444,1.2611
20250224,000300.SH,3969.7169,-0.2194
20250225,000300.SH,3925.6505,-1.1101
20250226,000300.SH,3959.9413,0.8735
20250227,000300.SH,3968.1159,0.2064
20250228,000300.SH,3890.0487,-1.9674
20250303,000300.SH,3888.4738,-0.0405
20250304,000300.SH,3885.2208,-0.0837
20250305,000300.SH,3902.5706,0.4466
20250306,000300.SH,3956.2369,1.3752
20250307,000300.SH,3944.0143,-0.3089
20250310,000300.SH,3928.8018,-0.3857
20250311,000300.SH,3941.4157,0.3211
20250312,000300.SH,3927.2315,-0.3599
20250313,000300.SH,3911.5793,-0.3986
20250314,000300.SH,4006.5567,2.4281
20250317,000300.SH,3996.7876,-0.2438
20250318,000300.SH,4007.7229,0.2736
20250319,000300.SH,4010.168,0.061
20250320,000300.SH,3974.9918,-0.8772
20250321,000300.SH,3914.6956,-1.5169
20250324,000300.SH,3934.8486,0.5148
20250325,000300.SH,3932.2951,-0.0649
20250326,000300.SH,3919.3566,-0.329
20250327,000300.SH,3932.4117,0.3331
20250328,000300.SH,3915.1662,-0.4385
20250331,000300.SH,3887.3056,-0.7116
20250401,000300.SH,3887.6841,0.0097
20250402,000300.SH,3884.3858,-0.0848
20250403,000300.SH,3861.5034,-0.5891
20250407,000300.SH,3589.4406,-7.0455
20250408,000300.SH,3650.759,1.7083
20250409,000300.SH,3686.7943,0.9871
20250410,000300.SH,3735.1151,1.3106
20250411,000300.SH,3750.5167,0.4123
20250414,000300.SH,3759.1422,0.23
20250415,000300.SH,3761.2348,0.0557
20250416,000300.SH,3772.8204,0.308
20250417,000300.SH,3772.2221,-0.0159
20250418,000300.SH,3772.523,0.008
20250421,000300.SH,3784.8806,0.3276
20250422,000300.SH,3783.9522,-0.0245
20250423,000300.SH,3786.8824,0.0774
20250424,000300.SH,3784.3574,-0.0667
20250425,000300.SH,3786.9937,0.0697
20250428,000300.SH,3781.6188,-0.1419
20250429,000300.SH,3775.0767,-0.173
20250430,000300.SH,3770.5705,-0.1194
20250506,000300.SH,3808.5424,1.0071
20250507,000300.SH,3831.627,0.6061
20250508,000300.SH,3852.8963,0.5551
20250509,000300.SH,3846.1566,-0.1749
20250512,000300.SH,3890.6096,1.1558
20250513,000300.SH,3896.2583,0.1452
20250514,000300.SH,3943.2108,1.2051
20250515,000300.SH,3907.1992,-0.9133
20250516,000300.SH,3889.0854,-0.4636
20250519,000300.SH,3877.1453,-0.307
20250520,000300.SH,3898.1705,0.5423
20250521,000300.SH,3916.3807,0.4671
20250522,000300.SH,3913.8651,-0.0642
20250523,000300.SH,3882.2741,-0.8072
20250526,000300.SH,3860.1067,-0.571
20250527,000300.SH,3839.3969,-0.5365
20250528,000300.SH,3836.2366,-0.0823
20250529,000300.SH,3858.6998,0.5856
20250530,000300.SH,3840.2323,-0.4786
20250603,000300.SH,3852.0127,0.3068
20250604,000300.SH,3868.7429,0.4343
20250605,000300.SH,3877.5557,0.2278
20250606,000300.SH,3873.9841,-0.0921
20250609,000300.SH,3885.2459,0.2907
20250610,000300.SH,3865.4652,-0.5091
20250611,000300.SH,3894.6252,0.7544
20250612,000300.SH,3892.1992,-0.0623
20250613,000300.SH,3864.1822,-0.7198
20250616,000300.SH,3873.7951,0.2488
20250617,000300.SH,3870.3786,-0.0882
20250618,000300.SH,3874.9708,0.1186
20250619,000300.SH,3843.0912,-0.8227
20250620,000300.SH,3846.6443,0.0925
20250623,000300.SH,3857.9016,0.2927
20250624,000300.SH,3904.0342,1.1958
20250625,000300.SH,3960.0662,1.4352
20250626,000300.SH,3946.0195,-0.3547
20250627,000300.SH,3921.7578,-0.6148
20250630,000300.SH,3936.0791,0.3652
20250701,000300.SH,3942.762,0.1698
20250702,000300.SH,3943.6849,0.0234
20250703,000300.SH,3968.0676,0.6183
20250704,000300.SH,3982.2034,0.3562
20250707,000300.SH,3965.1746,-0.4276
20250708,000300.SH,3998.4527,0.8393
20250709,000300.SH,3991.4006,-0.1764
20250710,000300.SH,4010.0243,0.4666
20250711,000300.SH,4014.807,0.1193
20250714,000300.SH,4017.6678,0.0713
20250715,000300.SH,4019.0644,0.0348
20250716,000300.SH,4007.2019,-0.2952
20250717,000300.SH,4034.491,0.681
20250718,000300.SH,4058.5486,0.5963
20250721,000300.SH,4085.6072,0.6667
20250722,000300.SH,4118.9582,0.8163
20250723,000300.SH,4119.7685,0.0197
20250724,000300.SH,4149.0368,0.7104
20250725,000300.SH,4127.1634,-0.5272
20250728,000300.SH,4135.8242,0.2098
20250729,000300.SH,4152.0247,0.3917
20250730,000300.SH,4151.2379,-0.0189
20250731,000300.SH,4075.5912,-1.8223
20250801,000300.SH,4054.9286,-0.507
20250804,000300.SH,4070.7023,0.389
20250805,000300.SH,4103.45,0.8045
20250806,000300.SH,4113.4852,0.2446
20250807,000300.SH,4114.666,0.0287
20250808,000300.SH,4104.9669,-0.2357
20250811,000300.SH,4122.5106,0.4274
20250812,000300.SH,4143.8252,0.517
20250813,000300.SH,4176.5776,0.7904
20250814,000300.SH,4173.3131,-0.0782
20250815,000300.SH,4202.3533,0.6959
20250818,000300.SH,4239.4125,0.8819
20250819,000300.SH,4223.3741,-0.3783
20250820,000300.SH,4271.3958,1.137
20250821,000300.SH,4288.0707,0.3904
20250822,000300.SH,4377.9977,2.0971
20250825,000300.SH,4469.2217,2.0837
20250826,000300.SH,4452.5905,-0.3721
20250827,000300.SH,4386.1266,-1.4927
20250828,000300.SH,4463.782,1.7705
20250829,000300.SH,4496.7591,0.7388
20250901,000300.SH,4523.7111,0.5994
20250902,000300.SH,4490.4528,-0.7352
20250903,000300.SH,4459.8296,-0.682
20250904,000300.SH,4365.2085,-2.1216
20250905,000300.SH,4460.3249,2.179
20250908,000300.SH,4467.5733,0.1625
20250909,000300.SH,4436.2584,-0.7009
20250910,000300.SH,4445.3649,0.2053
20250911,000300.SH,4548.0345,2.3096
20250912,000300.SH,4521.998,-0.5725
20250915,000300.SH,4533.0557,0.2445
20250916,000300.SH,4523.3367,-0.2144
20250917,000300.SH,4551.023,0.6121
20250918,000300.SH,4498.109,-1.1627
20250919,000300.SH,4501.9195,0.0847
20250922,000300.SH,4522.608,0.4595
20250923,000300.SH,4519.7781,-0.0626
20250924,000300.SH,4566.0708,1.0242
20250925,000300.SH,4593.4875,0.6004
20250926,000300.SH,4550.0487,-0.9457
20250929,000300.SH,4620.0528,1.5385
20250930,000300.SH,4640.6935,0.4468
20251009,000300.SH,4709.482,1.4823
20251010,000300.SH,4616.8341,-1.9673
20251013,000300.SH,4593.9785,-0.495
20251014,000300.SH,4539.0644,-1.1953
20251015,000300.SH,4606.2879,1.481
20251016,000300.SH,4618.4218,0.2634
20251017,000300.SH,4514.2345,-2.2559
20251020,000300.SH,4538.2201,0.5313
20251021,000300.SH,4607.8715,1.5348
20251022,000300.SH,4592.57,-0.3321
20251023,000300.SH,4606.3447,0.2999
20251024,000300.SH,4660.6835,1.1797
20251027,000300.SH,4716.0186,1.1873
20251028,000300.SH,4691.973,-0.5099
20251029,000300.SH,4747.8378,1.1906
20251030,000300.SH,4709.911,-0.7988
20251031,000300.SH,4640.6676,-1.4702
20251103,000300.SH,4653.4028,0.2744
20251104,000300.SH,4618.699,-0.7458
20251105,000300.SH,4627.257,0.1853
20251106,000300.SH,4693.4032,1.4295
20251107,000300.SH,4678.7944,-0.3113
20251110,000300.SH,4695.0507,0.3474
20251111,000300.SH,4652.1655,-0.9134
20251112,000300.SH,4645.9079,-0.1345
20251113,000300.SH,4702.0738,1.2089
20251114,000300.SH,4628.1398,-1.5724
20251117,000300.SH,4598.0525,-0.6501
20251118,000300.SH,4568.1928,-0.6494
20251119,000300.SH,4588.2922,0.44
20251120,000300.SH,4564.9483,-0.5088
20251121,000300.SH,4453.6076,-2.439
20251124,000300.SH,4448.0478,-0.1248
20251125,000300.SH,4490.4047,0.9523
20251126,000300.SH,4517.6255,0.6062
20251127,000300.SH,4515.4027,-0.0492
20251128,000300.SH,4526.6616,0.2493
20251201,000300.SH,4576.4856,1.1007
20251202,000300.SH,4554.3347,-0.484
20251203,000300.SH,4531.0486,-0.5113
20251204,000300.SH,4546.5664,0.3425
20251205,000300.SH,4584.5368,0.8351
20251208,000300.SH,4621.7545,0.8118
20251209,000300.SH,4598.2232,-0.5091
20251210,000300.SH,4591.8273,-0.1391
20251211,000300.SH,4552.1848,-0.8633
20251212,000300.SH,4580.95,0.6319
20251215,000300.SH,4552.0596,-0.6307
20251216,000300.SH,4497.5545,-1.1974
20251217,000300.SH,4579.875,1.8303
20251218,000300.SH,4552.7926,-0.5913
20251219,000300.SH,4568.1781,0.3379
20251222,000300.SH,4611.6235,0.951
20251223,000300.SH,4620.7341,0.1976
20251224,000300.SH,4634.0586,0.2884
20251225,000300.SH,4642.5357,0.1829
20251226,000300.SH,4657.24,0.3167
20251229,000300.SH,4639.3721,-0.3837
20251230,000300.SH,4651.2818,0.2567
20251231,000300.SH,4629.9395,-0.4588
20260105,000300.SH,4717.7457,1.8965
20260106,000300.SH,4790.6938,1.5462
20260107,000300.SH,4776.6658,-0.2928
20260108,000300.SH,4737.6536,-0.8167
20260109,000300.SH,4758.9221,0.4489
20260112,000300.SH,4789.9155,0.6513
20260113,000300.SH,4761.0324,-0.603
20260114,000300.SH,4741.9306,-0.4012
20260115,000300.SH,4751.4293,0.2003
20260116,000300.SH,4731.8728,-0.4116
20260119,000300.SH,4734.4556,0.0546
20260120,000300.SH,4718.8782,-0.329
20260121,000300.SH,4723.0692,0.0888
20260122,000300.SH,4723.7091,0.0135
20260123,000300.SH,4702.4966,-0.4491
20260126,000300.SH,4706.964,0.095
20260127,000300.SH,4705.6918,-0.027
20260128,000300.SH,4717.9914,0.2614
20260129,000300.SH,4753.8697,0.7605
20260130,000300.SH,4706.3401,-0.9998
20260202,000300.SH,4605.9799,-2.1324
20260203,000300.SH,4660.1074,1.1752
20260204,000300.SH,4698.6832,0.8278
20260205,000300.SH,4670.4188,-0.6015
20260206,000300.SH,4643.5959,-0.5743
20260209,000300.SH,4719.0559,1.625
20260210,000300.SH,4724.2956,0.111
20260211,000300.SH,4713.8185,-0.2218
20260212,000300.SH,4719.578,0.1222
20260213,000300.SH,4660.4056,-1.2538
20260224,000300.SH,4707.544,1.0115
20250120,399006.SZ,2104.7277,1.8117
20250121,399006.SZ,2112.3901,0.3641
20250122,399006.SZ,2101.0346,-0.5376
20250123,399006.SZ,2093.3129,-0.3675
20250124,399006.SZ,2121.8391,1.3627
20250127,399006.SZ,2063.8199,-2.7344
20250205,399006.SZ,2062.9231,-0.0435
20250206,399006.SZ,2120.7451,2.8029
20250207,399006.SZ,2174.3509,2.5277
20250210,399006.SZ,2183.8767,0.4381
20250211,399006.SZ,2152.7324,-1.4261
20250212,399006.SZ,2191.7594,1.8129
20250213,399006.SZ,2176.1559,-0.7119
20250214,399006.SZ,2215.2984,1.7987
20250217,399006.SZ,2226.6152,0.5108
20250218,399006.SZ,2182.574,-1.9779
20250219,399006.SZ,2226.9821,2.0347
20250220,399006.SZ,2225.5838,-0.0628
20250221,399006.SZ,2281.5118,2.513
20250224,399006.SZ,2266.2441,-0.6692
20250225,399006.SZ,2240.5887,-1.1321
20250226,399006.SZ,2268.2154,1.233
20250227,399006.SZ,2256.5084,-0.5161
20250228,399006.SZ,2170.3919,-3.8164
20250303,399006.SZ,2196.5248,1.2041
20250304,399006.SZ,2190.0783,-0.2935
20250305,399006.SZ,2190.3624,0.013
20250306,399006.SZ,2234.689,2.0237
20250307,399006.SZ,2205.3067,-1.3148
20250310,399006.SZ,2199.8771,-0.2462
20250311,399006.SZ,2204.0302,0.1888
20250312,399006.SZ,2191.2678,-0.579
20250313,399006.SZ,2166.0037,-1.1529
20250314,399006.SZ,2226.7163,2.803
20250317,399006.SZ,2215.1266,-0.5205
20250318,399006.SZ,2228.6442,0.6102
20250319,399006.SZ,2222.3467,-0.2826
20250320,399006.SZ,2200.0321,-1.0041
20250321,399006.SZ,2152.2792,-2.1706
20250324,399006.SZ,2152.5548,0.0128
20250325,399006.SZ,2145.4786,-0.3287
20250326,399006.SZ,2139.9016,-0.2599
20250327,399006.SZ,2145.0951,0.2427
20250328,399006.SZ,2128.2092,-0.7872
20250331,399006.SZ,2103.6987,-1.1517
20250401,399006.SZ,2101.8778,-0.0866
20250402,399006.SZ,2104.625,0.1307
20250403,399006.SZ,2065.4026,-1.8636
20250407,399006.SZ,1807.2061,-12.501
20250408,399006.SZ,1840.3123,1.8319
20250409,399006.SZ,1858.3561,0.9805
20250410,399006.SZ,1900.5276,2.2693
20250411,399006.SZ,1926.3702,1.3598
20250414,399006.SZ,1932.9127,0.3396
20250415,399006.SZ,1930.3994,-0.13
20250416,399006.SZ,1907.1095,-1.2065
20250417,399006.SZ,1908.7764,0.0874
20250418,399006.SZ,1913.9698,0.2721
20250421,399006.SZ,1944.3179,1.5856
20250422,399006.SZ,1928.4315,-0.8171
20250423,399006.SZ,1949.1625,1.075
20250424,399006.SZ,1935.8577,-0.6826
20250425,399006.SZ,1947.1863,0.5852
20250428,399006.SZ,1934.4567,-0.6537
20250429,399006.SZ,1931.9416,-0.13
20250430,399006.SZ,1948.0295,0.8327
20250506,399006.SZ,1986.4092,1.9702
20250507,399006.SZ,1996.51,0.5085
20250508,399006.SZ,2029.4518,1.65
20250509,399006.SZ,2011.7671,-0.8714
20250512,399006.SZ,2064.7137,2.6318
20250513,399006.SZ,2062.2609,-0.1188
20250514,399006.SZ,2083.1421,1.0125
20250515,399006.SZ,2043.2467,-1.9152
20250516,399006.SZ,2039.4452,-0.1861
20250519,399006.SZ,2032.7561,-0.328
20250520,399006.SZ,2048.4587,0.7725
20250521,399006.SZ,2065.39,0.8265
20250522,399006.SZ,2045.5655,-0.9598
20250523,399006.SZ,2021.4991,-1.1765
20250526,399006.SZ,2005.2587,-0.8034
20250527,399006.SZ,1991.6431,-0.679
20250528,399006.SZ,1985.383,-0.3143
20250529,399006.SZ,2012.5482,1.3683
20250530,399006.SZ,1993.1877,-0.962
20250603,399006.SZ,2002.7005,0.4773
20250604,399006.SZ,2024.9335,1.1102
20250605,399006.SZ,2048.615,1.1695
20250606,399006.SZ,2039.4353,-0.4481
20250609,399006.SZ,2061.2909,1.0716
20250610,399006.SZ,2037.2707,-1.1653
20250611,399006.SZ,2061.8674,1.2073
20250612,399006.SZ,2067.1535,0.2564
20250613,399006.SZ,2043.8242,-1.1286
20250616,399006.SZ,2057.3227,0.6605
20250617,399006.SZ,2049.9433,-0.3587
20250618,399006.SZ,2054.7286,0.2334
20250619,399006.SZ,2026.817,-1.3584
20250620,399006.SZ,2009.8934,-0.835
20250623,399006.SZ,2017.6336,0.3851
20250624,399006.SZ,2064.1346,2.3047
20250625,399006.SZ,2128.3922,3.1131
20250626,399006.SZ,2114.4254,-0.6562
20250627,399006.SZ,2124.3446,0.4691
20250630,399006.SZ,2153.0137,1.3496
20250701,399006.SZ,2147.9186,-0.2366
20250702,399006.SZ,2123.7189,-1.1267
20250703,399006.SZ,2164.0884,1.9009
20250704,399006.SZ,2156.234,-0.3629
20250707,399006.SZ,2130.1858,-1.208
20250708,399006.SZ,2181.077,2.389
20250709,399006.SZ,2184.6745,0.1649
20250710,399006.SZ,2189.5773,0.2244
20250711,399006.SZ,2207.0968,0.8001
20250714,399006.SZ,2197.0681,-0.4544
20250715,399006.SZ,2235.0492,1.7287
20250716,399006.SZ,2230.1942,-0.2172
20250717,399006.SZ,2269.3266,1.7547
20250718,399006.SZ,2277.152,0.3448
20250721,399006.SZ,2296.8833,0.8665
20250722,399006.SZ,2310.856,0.6083
20250723,399006.SZ,2310.671,-0.008
20250724,399006.SZ,2345.3673,1.5016
20250725,399006.SZ,2340.0557,-0.2265
20250728,399006.SZ,2362.5995,0.9634
20250729,399006.SZ,2406.5945,1.8621
20250730,399006.SZ,2367.6835,-1.6168
20250731,399006.SZ,2328.313,-1.6628
20250801,399006.SZ,2322.6268,-0.2442
20250804,399006.SZ,2334.323,0.5036
20250805,399006.SZ,2343.3757,0.3878
20250806,399006.SZ,2358.9547,0.6648
20250807,399006.SZ,2342.8609,-0.6822
20250808,399006.SZ,2333.959,-0.38
20250811,399006.SZ,2379.8165,1.9648
20250812,399006.SZ,2409.3983,1.243
20250813,399006.SZ,2496.5041,3.6153
20250814,399006.SZ,2469.6554,-1.0755
20250815,399006.SZ,2534.2187,2.6143
20250818,399006.SZ,2606.2018,2.8404
20250819,399006.SZ,2601.7431,-0.1711
20250820,399006.SZ,2607.6534,0.2272
20250821,399006.SZ,2595.4654,-0.4674
20250822,399006.SZ,2682.5529,3.3554
20250825,399006.SZ,2762.9906,2.9986
20250826,399006.SZ,2742.1268,-0.7551
20250827,399006.SZ,2723.1985,-0.6903
20250828,399006.SZ,2827.172,3.8181
20250829,399006.SZ,2890.1252,2.2267
20250901,399006.SZ,2956.3748,2.2923
20250902,399006.SZ,2872.2224,-2.8465
20250903,399006.SZ,2899.3728,0.9453
20250904,399006.SZ,2776.2483,-4.2466
20250905,399006.SZ,2958.181,6.5532
20250908,399006.SZ,2933.2464,-0.8429
20250909,399006.SZ,2867.9684,-2.2255
20250910,399006.SZ,2904.2687,1.2657
20250911,399006.SZ,3053.7488,5.1469
20250912,399006.SZ,3020.4229,-1.0913
20250915,399006.SZ,3066.1804,1.5149
20250916,399006.SZ,3087.0396,0.6803
20250917,399006.SZ,3147.3454,1.9535
20250918,399006.SZ,3095.8512,-1.6361
20250919,399006.SZ,3091.0035,-0.1566
20250922,399006.SZ,3107.8873,0.5462
20250923,399006.SZ,3114.553,0.2145
20250924,399006.SZ,3185.5709,2.2802
20250925,399006.SZ,3235.7648,1.5757
20250926,399006.SZ,3151.5299,-2.6032
20250929,399006.SZ,3238.0119,2.7441
20250930,399006.SZ,3238.1603,0.0046
20251009,399006.SZ,3261.822,0.7307
20251010,399006.SZ,3113.2621,-4.5545
20251013,399006.SZ,3078.7623,-1.1082
20251014,399006.SZ,2955.9831,-3.9879
20251015,399006.SZ,3025.8673,2.3642
20251016,399006.SZ,3037.4423,0.3825
20251017,399006.SZ,2935.3698,-3.3605
20251020,399006.SZ,2993.4549,1.9788
20251021,399006.SZ,3083.7157,3.0153
20251022,399006.SZ,3059.3192,-0.7911
20251023,399006.SZ,3062.1626,0.0929
20251024,399006.SZ,3171.5687,3.5728
20251027,399006.SZ,3234.4546,1.9828
20251028,399006.SZ,3229.5754,-0.1509
20251029,399006.SZ,3324.2713,2.9321
20251030,399006.SZ,3263.0222,-1.8425
20251031,399006.SZ,3187.5327,-2.3135
20251103,399006.SZ,3196.8709,0.293
20251104,399006.SZ,3134.0895,-1.9638
20251105,399006.SZ,3166.2312,1.0256
20251106,399006.SZ,3224.6238,1.8442
20251107,399006.SZ,3208.2057,-0.5091
20251110,399006.SZ,3178.8272,-0.9157
20251111,399006.SZ,3134.3159,-1.4002
20251112,399006.SZ,3122.027,-0.3921
20251113,399006.SZ,3201.7536,2.5537
20251114,399006.SZ,3111.507,-2.8187
20251117,399006.SZ,3105.2034,-0.2026
20251118,399006.SZ,3069.2196,-1.1588
20251119,399006.SZ,3076.8452,0.2485
20251120,399006.SZ,3042.3406,-1.1214
20251121,399006.SZ,2920.0778,-4.0187
20251124,399006.SZ,2929.0429,0.307
20251125,399006.SZ,2980.9335,1.7716
20251126,399006.SZ,3044.6945,2.139
20251127,399006.SZ,3031.2956,-0.4401
20251128,399006.SZ,3052.5871,0.7024
20251201,399006.SZ,3092.4985,1.3075
20251202,399006.SZ,3071.1487,-0.6904
20251203,399006.SZ,3036.7864,-1.1189
20251204,399006.SZ,3067.4842,1.0109
20251205,399006.SZ,3109.2974,1.3631
20251208,399006.SZ,3190.2688,2.6042
20251209,399006.SZ,3209.6031,0.606
20251210,399006.SZ,3209.0042,-0.0187
20251211,399006.SZ,3163.6746,-1.4126
20251212,399006.SZ,3194.3586,0.9699
20251215,399006.SZ,3137.8013,-1.7705
20251216,399006.SZ,3071.7619,-2.1046
20251217,399006.SZ,3175.9081,3.3904
20251218,399006.SZ,3107.0646,-2.1677
20251219,399006.SZ,3122.238,0.4884
20251222,399006.SZ,3191.9849,2.2339
20251223,399006.SZ,3205.0108,0.4081
20251224,399006.SZ,3229.5772,0.7665
20251225,399006.SZ,3239.343,0.3024
20251226,399006.SZ,3243.8757,0.1399
20251229,399006.SZ,3222.6108,-0.6555
20251230,399006.SZ,3242.9046,0.6297
20251231,399006.SZ,3203.1717,-1.2252
20260105,399006.SZ,3294.5513,2.8528
20260106,399006.SZ,3319.2914,0.7509
20260107,399006.SZ,3329.6926,0.3134
20260108,399006.SZ,3302.3067,-0.8225
20260109,399006.SZ,3327.8127,0.7724
20260112,399006.SZ,3388.3407,1.8189
20260113,399006.SZ,3321.8886,-1.9612
20260114,399006.SZ,3349.1376,0.8203
20260115,399006.SZ,3367.9166,0.5607
20260116,399006.SZ,3361.0167,-0.2049
20260119,399006.SZ,3337.6081,-0.6965
20260120,399006.SZ,3277.979,-1.7866
20260121,399006.SZ,3295.5226,0.5352
20260122,399006.SZ,3328.6471,1.0051
20260123,399006.SZ,3349.5034,0.6266
20260126,399006.SZ,3319.1489,-0.9062
20260127,399006.SZ,3342.5991,0.7065
20260128,399006.SZ,3323.5619,-0.5695
20260129,399006.SZ,3304.5103,-0.5732
20260130,399006.SZ,3346.3552,1.2663
20260202,399006.SZ,3264.1109,-2.4577
20260203,399006.SZ,3324.8923,1.8621
20260204,399006.SZ,3311.5148,-0.4023
20260205,399006.SZ,3260.2783,-1.5472
20260206,399006.SZ,3236.4643,-0.7304
20260209,399006.SZ,3332.7695,2.9756
20260210,399006.SZ,3320.537,-0.367
20260211,399006.SZ,3284.7352,-1.0782
20260212,399006.SZ,3328.0624,1.319
20260213,399006.SZ,3275.9584,-1.5656
20260224,399006.SZ,3308.2648,0.9862
