trade_date,avg_pct_chg,avg_pct_chg_old,count_300,count_688
20250102,-2.344325,-3.59355,945,578
20250103,-4.080062,-1.78655,945,578
20250106,-0.702293,-0.20935,944,579
20250107,2.91442,1.7804,946,580
20250108,-0.213104,-0.51215,946,579
20250109,0.458166,-0.1355,946,579
20250110,-2.675741,-1.44335,946,580
20250113,0.640163,0.26495,946,580
20250114,5.467706,3.90705,945,579
20250115,-0.610029,-1.1208,944,580
20250116,0.405279,-0.7583,944,579
20250117,0.247971,0.88515,944,578
20250120,0.957164,1.02845,944,578
20250121,0.30144,0.59645,945,578
20250122,-0.888865,-0.31775,945,580
20250123,-0.116251,-0.6571,945,579
20250124,1.923649,1.13305,943,578
20250127,-1.636004,-2.3799,942,579
20250205,1.975524,1.4304,942,580
20250206,3.11471,2.8458,943,581
20250207,1.401639,1.6386,943,581
20250210,2.34524,1.1008,943,583
20250211,-0.607681,-1.3088,944,582
20250212,1.437361,1.72275,944,582
20250213,-1.397279,-1.5109,944,583
20250214,0.975742,1.16365,944,583
20250217,1.384639,0.98125,945,584
20250218,-2.863234,-2.2489,945,584
20250219,3.1188,2.17455,945,584
20250220,1.375974,-0.1032,945,584
20250221,1.834442,4.24215,945,584
20250224,0.178245,-0.0935,945,583
20250225,-0.102915,-0.4366,945,583
20250226,1.524207,1.70085,945,583
20250227,-0.363802,-0.2817,945,581
20250228,-4.362903,-4.01645,945,581
20250303,0.643454,-0.16025,945,580
20250304,1.840713,0.7152,945,579
20250305,0.387849,0.15235,944,579
20250306,2.481212,2.7542,943,578
20250307,-0.81465,-1.2798,943,578
20250310,0.504749,-0.2341,943,578
20250311,0.241455,-0.10565,943,579
20250312,0.319301,-0.65445,943,579
20250313,-1.733965,-1.6291,942,581
20250314,2.007318,2.262,942,581
20250317,0.576395,-0.4854,940,581
20250318,0.661515,0.6103,941,582
20250319,-0.765173,-0.7326,941,582
20250320,-0.276216,-1.0659,942,582
20250321,-2.189162,-2.1137,942,582
20250324,-2.011159,0.1526,938,584
20250325,-0.6068,-0.8453,941,585
20250326,1.093935,-0.258,941,585
20250327,-0.235537,0.68085,942,584
20250328,-1.39009,-0.92665,943,583
20250331,-0.799404,-0.9043,943,583
20250401,1.134208,0.03795,942,583
20250402,0.324182,-0.01405,942,583
20250403,-1.219157,-1.1604,942,583
20250407,-16.323698,-10.8621,941,582
20250408,3.189286,1.7771,940,583
20250409,3.451775,2.64315,940,583
20250410,3.068625,1.678,939,584
20250411,1.576895,1.71315,938,584
20250414,1.58075,0.29705,938,585
20250415,-0.058905,-0.4566,937,585
20250416,-1.791425,-0.19735,937,585
20250417,0.45968,0.1572,937,585
20250418,-0.234083,-0.2679,938,585
20250421,2.225721,1.3289,937,585
20250422,-0.164711,-0.56515,940,585
20250423,1.052911,0.3618,939,585
20250424,-1.263147,-0.80205,938,585
20250425,-0.037451,0.3552,939,584
20250428,-1.162348,-0.41345,940,584
20250429,1.153058,-0.0134,932,583
20250430,1.524344,0.8422,934,580
20250506,3.220333,1.68165,938,584
20250507,0.626474,0.4328,939,584
20250508,1.423841,0.64315,939,584
20250509,-1.636393,-1.4158,939,584
20250512,1.743693,1.56,939,584
20250513,-0.399867,-0.136,940,585
20250514,-0.155279,0.7088,940,585
20250515,-1.299845,-1.58905,940,585
20250516,0.597637,-0.3794,940,586
20250519,0.707601,-0.1631,939,586
20250520,1.176609,0.50795,938,586
20250521,-0.693331,0.30345,938,586
20250522,-1.221004,-0.71975,935,586
20250523,-1.04178,-1.09965,935,586
20250526,1.016158,-0.3159,935,585
20250527,0.007407,-0.81495,936,585
20250528,-0.421137,-0.2743,936,585
20250529,2.453559,1.49095,936,585
20250530,-1.40304,-0.9512,934,585
20250603,1.059181,0.47835,936,585
20250604,0.949642,0.7792,938,585
20250605,0.897488,1.10685,938,585
20250606,-0.030294,-0.46315,939,585
20250609,1.71655,0.8368,936,585
20250610,-1.036802,-1.3198,938,586
20250611,0.68081,0.50335,938,587
20250612,0.417091,-0.02265,938,587
20250613,-1.811863,-0.8216,937,587
20250616,1.286803,0.22495,937,587
20250617,-0.222758,-0.58145,938,587
20250618,0.148715,0.38125,938,587
20250619,-1.733044,-0.9496,938,587
20250620,-0.8719,-0.6808,938,587
20250623,2.043611,0.38135,936,587
20250624,2.222781,2.0481,937,587
20250625,1.239524,2.4197,937,587
20250626,-0.290466,-0.6112,938,587
20250627,0.529796,0.1456,939,587
20250630,1.825033,1.444,938,586
20250701,0.314922,-0.54775,938,586
20250702,-1.026521,-1.1745,939,585
20250703,0.72857,1.06815,940,585
20250704,-1.032669,-0.1889,940,585
20250707,0.419053,-0.93445,940,585
20250708,1.541178,1.8924,941,586
20250709,-0.354701,-0.363,941,587
20250710,-0.036947,-0.0466,939,587
20250711,0.67336,1.13775,940,588
20250714,0.586916,-0.33075,939,588
20250715,-0.314557,1.05865,939,588
20250716,0.696598,-0.0391,939,588
20250717,1.375926,1.2792,940,588
20250718,0.247692,0.26575,939,588
20250721,1.044751,0.45155,937,587
20250722,0.097361,0.71945,937,588
20250723,-0.523535,0.22185,937,588
20250724,1.403404,1.3377,937,588
20250725,0.628036,0.9207,939,588
20250728,0.968007,0.525,940,588
20250729,0.848592,1.65795,939,588
20250730,-0.73848,-1.36315,938,588
20250731,-0.612234,-1.33685,936,586
20250801,0.642095,-0.6515,937,586
20250804,1.768562,0.861,936,586
20250805,0.767397,0.3959,937,587
20250806,1.200043,0.6226,938,587
20250807,0.078182,-0.41455,938,587
20250808,-0.5225,-0.8831,938,587
20250811,2.055026,1.27915,939,586
20250812,-0.082382,1.5779,940,586
20250813,1.001417,2.17635,939,587
20250814,-2.104215,-0.16485,940,587
20250815,2.387676,2.0236,940,587
20250818,2.420292,2.48845,939,586
20250819,0.331711,-0.64365,939,586
20250820,0.47954,1.72655,938,586
20250821,-0.580428,-0.19,939,586
20250822,1.384164,5.97265,938,586
20250825,1.331958,3.0969,938,586
20250826,-0.018455,-1.0323,939,585
20250827,-2.369166,-0.27885,940,585
20250828,1.180409,5.5257,940,585
20250829,-0.524491,0.25985,940,583
20250901,1.269526,1.73655,940,584
20250902,-2.562078,-2.48685,940,584
20250903,-1.859678,-0.348,940,585
20250904,-1.863678,-5.1656,940,585
20250905,3.231475,4.97045,940,585
20250908,1.4434,-0.1331,939,585
20250909,-1.742813,-2.3017,938,587
20250910,0.199176,1.1775,938,587
20250911,2.240716,5.2316,939,587
20250912,-0.025643,-0.09375,939,588
20250915,-0.230849,0.84635,939,588
20250916,1.329229,0.99855,939,588
20250917,0.599254,1.43265,939,588
20250918,-1.254815,-0.4561,939,587
20250919,-0.791612,-0.7195,939,587
20250922,0.741444,1.9608,938,586
20250923,-1.339457,0.0596,939,587
20250924,2.166636,2.88695,939,587
20250925,-0.329499,1.4064,939,588
20250926,-1.455691,-2.104,939,587
20250929,1.096169,2.0472,939,586
20250930,0.901347,0.8481,939,586
20251009,0.698706,1.8297,940,586
20251010,-1.601273,-5.0843,941,586
20251013,0.000584,0.14605,941,587
20251014,-2.217468,-4.1228,940,587
20251015,1.639084,1.8804,940,587
20251016,-1.178142,-0.27805,940,587
20251017,-2.944383,-3.5653,940,587
20251020,1.458083,1.1629,940,587
20251021,1.853951,2.912,939,588
20251022,-0.43084,-0.42795,939,588
20251023,-0.094173,-0.10125,939,588
20251024,1.654049,3.9618,939,588
20251027,0.988926,1.74315,937,588
20251028,0.436896,-0.49575,936,590
20251029,0.293359,2.05695,936,589
20251030,-1.243486,-1.85545,936,590
20251031,1.119573,-2.723,936,590
20251103,0.623412,-0.37155,938,590
20251104,-1.237909,-1.468,939,590
20251105,0.457457,0.62655,938,590
20251106,0.551431,2.59295,938,590
20251107,-0.412278,-0.9913,938,590
20251110,0.551234,-0.7449,938,590
20251111,0.054824,-1.4114,938,591
20251112,-0.586024,-0.4873,938,591
20251113,1.210668,1.99595,938,591
20251114,-0.708225,-2.7693,938,591
20251117,0.452368,-0.36555,939,591
20251118,-0.58322,-0.4358,938,592
20251119,-1.407027,-0.35925,937,592
20251120,-0.84214,-1.17825,938,592
20251121,-3.83453,-3.60385,939,592
20251124,2.242446,0.57235,939,590
20251125,1.596753,1.1004,939,589
20251126,-0.506717,1.56385,938,588
20251127,0.506339,-0.3851,938,588
20251128,1.316232,0.9787,937,588
20251201,0.458631,1.0157,935,589
20251202,-0.998722,-0.9661,936,589
20251203,-1.273495,-1.00595,938,589
20251204,-0.641368,1.1856,937,589
20251205,1.90868,0.67915,935,590
20251208,1.500876,2.23315,936,591
20251209,-0.653157,0.1664,936,592
20251210,-0.041263,-0.0243,935,594
20251211,-1.531498,-1.48125,936,594
20251212,0.679157,1.3542,936,594
20251215,-0.713729,-1.99635,937,594
20251216,-1.773706,-2.0199,936,595
20251217,1.415426,2.93045,935,596
20251218,0.121674,-1.81455,936,596
20251219,1.353691,0.3446,936,596
20251222,0.81964,2.13545,935,596
20251223,-0.492572,0.38265,935,596
20251224,1.823886,0.83515,936,597
20251225,1.230576,0.03775,935,597
20251226,-0.272983,-0.0498,935,597
20251229,-0.069187,-0.30945,937,597
20251230,-0.165317,0.81825,938,598
20251231,0.227883,-1.18885,939,598
20260105,2.738333,3.62895,938,599
20260106,1.105002,1.2978,938,599
20260107,0.670698,0.64945,938,599
20260108,1.446747,-0.003,938,599
20260109,1.906509,1.1007,938,599
20260112,3.309731,2.12455,938,599
20260113,-1.701318,-2.37845,935,599
20260114,1.233297,1.4765,937,598
20260115,-0.700643,0.0483,937,598
20260116,0.388414,0.57105,939,598
20260119,0.445257,-0.5864,939,599
20260120,-1.080731,-1.6851,940,599
20260121,1.072823,2.03425,939,599
20260122,0.719766,0.7059,938,599
20260123,2.100786,0.70475,938,599
20260126,-1.691047,-1.12605,937,599
20260127,0.528959,1.10945,937,598
20260128,-0.86317,-0.3225,937,599
20260129,-1.315291,-1.8033,937,599
20260130,-0.115517,0.6916,935,599
20260202,-2.608195,-3.16685,935,599
20260203,2.942508,1.6262,935,599
20260204,-0.194515,-0.7991,937,598
20260205,-0.908986,-1.49445,936,599
20260206,0.165821,-0.71825,935,599
20260209,2.300239,2.7447,935,599
20260210,0.511972,0.27375,935,601
20260211,-0.396897,-1.0958,935,602
20260212,0.495624,1.5488,936,602
20260213,-0.409673,-1.14275,936,602
20260224,0.683738,0.32415,936,602
20260225,1.153627,0.97385,936,602
20260226,0.733124,0.28035,936,603
20260227,0.731593,-0.4457,937,603
20260302,-2.171792,-1.02515,937,603
20260303,-4.524621,-3.8919,937,603
20260304,-0.310724,-0.94945,937,603
20260305,1.730077,1.69175,937,603
20260306,1.506484,0.5138,937,603
20260309,-0.641297,-1.1661,937,603
20260310,2.545759,2.6011,937,603
20260311,-0.472751,-0.0286,937,603
20260312,-1.125093,-1.09985,937,603
20260313,-1.156065,-0.47115,937,603
20260316,0.561629,1.1192,937,602
20260317,-2.585114,-2.25945,935,601
20260318,1.847086,1.691,935,601
20260319,-2.447791,-1.77865,936,601
20260320,-2.524487,-0.12425,937,601
20260323,-5.490935,-3.9003,938,601
20260324,3.565774,1.4158,937,601
20260325,1.895793,1.9598,937,602
20260326,-2.001764,-1.68185,937,602
20260327,1.841576,0.82095,936,602
20260330,0.188959,-0.7636,935,603
20260331,-1.890569,-2.6472,938,605
20260401,2.436824,2.6487,939,605
20260402,-1.968955,-2.54,939,605
20260403,-1.634214,-0.59985,939,605
20260407,1.188039,0.88675,938,605
20260408,5.00391,6.04255,938,605
20260409,-1.260625,-0.6863,938,605
20260410,1.166021,2.6525,938,606
20260413,0.231203,0.7964,936,606
20260414,1.51682,2.2635,937,606
20260415,-0.438832,-0.56765,936,605
20260416,1.747738,2.1489,937,605
20260417,0.454391,0.7568,937,604
20260420,0.724548,0.9447,935,602
20260421,-0.235034,-0.66745,936,605
20260422,0.990951,1.72235,936,606
20260423,-1.622632,-1.07215,935,606
20260424,0.174241,0.0311,936,607
20260427,1.461439,1.62245,935,607
20260428,-1.442934,-1.3674,932,606
20260429,1.169271,1.4202,929,605
20260430,0.952656,2.46075,928,604
20260506,1.844084,4.1067,933,606
20260507,1.778743,1.3886,934,606
20260508,0.88455,-1.6261,934,605
20260511,1.811796,4.0732,934,604
20260512,-0.960281,0.28175,932,605
20260513,1.264008,2.65935,933,605
20260514,-1.749032,-2.35215,934,605
20260515,-0.272483,-1.115,934,606
20260518,0.693689,0.2233,934,606
20260519,1.38832,1.82345,934,607
20260520,-0.177198,1.77315,935,607
20260521,-3.646306,-3.02475,935,607
20260522,2.41838,2.17325,935,607
20260525,0.390683,3.98845,935,607
20260526,-1.817351,-0.47465,935,607
20260527,-1.133322,-1.36545,934,608
20260528,1.000727,1.7732,935,608
20260529,-3.852123,-3.5754,935,608
20260601,0.222166,-3.5792,934,608
20260602,-0.71817,2.1353,934,608
20260603,-0.146836,1.881,935,608
20260604,-0.696316,-0.0695,935,608
20260605,0.288238,-3.60725,936,608
