日期,创业板指涨跌幅%,科创50涨跌幅%,等权平均涨跌幅%,归1净值
2025/01/02,-3.7894,-3.3977,0.97655675
2025/01/03,-2.1585,-1.4146,0.936712629134815
2025/01/06,-0.0882,-0.3305,0.9301341619102853
2025/01/07,0.7034,2.8574,0.957242177951831
2025/01/08,-0.9818,-0.0425,0.9552022565809285
2025/01/09,0.1103,-0.3813,0.9595786685518151
2025/01/10,-1.7584,-1.1283,0.9339028286901201
2025/01/13,0.3622,0.1677,0.9398813290553477
2025/01/14,4.7061,3.108,0.9912712768769867
2025/01/15,-1.8221,-0.4195,0.9852242346193668
2025/01/16,0.6584,-2.175,0.9892171415451899
2025/01/17,0.7763,0.994,0.9916701131832509
2025/01/20,1.8117,0.2452,1.0011620225054003
2025/01/21,0.3641,0.8288,1.0041799253060406
2025/01/22,-0.5376,-0.0979,0.995254121412969
2025/01/23,-0.3675,-0.9467,0.9940971285442852
2025/01/24,1.3627,0.9034,1.013220068016556
2025/01/27,-2.7344,-2.0254,0.9966437471750024
2025/02/05,-0.0435,2.9043,1.016332683594944
2025/02/06,2.8029,2.8887,1.0479884993241442
2025/02/07,2.5277,0.7495,1.0626775148461862
2025/02/10,0.4381,1.7635,1.087599852995365
2025/02/11,-1.4261,-1.1915,1.080990715332684
2025/02/12,1.8129,1.6326,1.0965284542884972
2025/02/13,-0.7119,-2.3099,1.0812068924676994
2025/02/14,1.7987,0.5286,1.0917566822244016
2025/02/17,0.5108,1.4517,1.106873571031587
2025/02/18,-1.9779,-2.5199,1.0751811906087962
2025/02/19,2.0347,2.3144,1.1087139415815033
2025/02/20,-0.0628,-0.1436,1.12396955715204
2025/02/21,2.513,5.9713,1.144588126775651
2025/02/24,-0.6692,0.4822,1.1466282978822224
2025/02/25,-1.1321,0.2589,1.145448245369457
2025/02/26,1.233,2.1687,1.1629072477067555
2025/02/27,-0.5161,-0.0473,1.1586765678814532
2025/02/28,-3.8164,-4.2165,1.1081246331410564
2025/03/03,1.2041,-1.5246,1.1152549054179879
2025/03/04,-0.2935,1.7239,1.1357835474451545
2025/03/05,0.013,0.2917,1.140188672576085
2025/03/06,2.0237,3.4847,1.1684791707426836
2025/03/07,-1.3148,-1.2448,1.1589601551782285
2025/03/10,-0.2462,-0.222,1.1648099949718889
2025/03/11,0.1888,-0.4001,1.167622486945248
2025/03/12,-0.579,-0.7299,1.171350717222289
2025/03/13,-1.1529,-2.1053,1.1510399057584055
2025/03/14,2.803,1.721,1.174144936973877
2025/03/17,-0.5205,-0.4503,1.1809126496833475
2025/03/18,0.6102,0.6104,1.1887245639979003
2025/03/19,-0.2826,-1.1826,1.1796287645898207
2025/03/20,-1.0041,-1.1277,1.1763704412014213
2025/03/21,-2.1706,-2.0568,1.1506177865234075
2025/03/24,0.0128,0.2924,1.1274770333541413
2025/03/25,-0.3287,-1.3619,1.1206355027157484
2025/03/26,-0.2599,-0.2561,1.1328945267023818
2025/03/27,0.2427,1.119,1.1302261409210228
2025/03/28,-0.7872,-1.0661,1.1145149803586938
2025/03/31,-1.1517,-0.6569,1.105605503025107
2025/04/01,-0.0866,0.1625,1.118145369088858
2025/04/02,0.1307,-0.1588,1.1217701951092778
2025/04/03,-1.8636,-0.4572,1.1080940552516894
2025/04/07,-12.501,-9.2232,0.9272121281164505
2025/04/08,1.8319,1.7223,0.9567835747087704
2025/04/09,0.9805,4.3058,0.989809590944674
2025/04/10,2.2693,1.0867,1.0201831355048
2025/04/11,1.3598,2.0665,1.0362703523594186
2025/04/14,0.3396,0.2545,1.05265119595434
2025/04/15,-0.13,-0.7832,1.0520311317673632
2025/04/16,-1.2065,0.8118,1.0331847830650998
2025/04/17,0.0874,0.227,1.0379341268758935
2025/04/18,0.2721,-0.8079,1.0355044995336786
2025/04/21,1.5856,1.0722,1.0585519406357446
2025/04/22,-0.8171,-0.3132,1.0568083891488043
2025/04/23,1.075,-0.3514,1.0679356409270748
2025/04/24,-0.6826,-0.9215,1.0544460439167738
2025/04/25,0.5852,0.1252,1.0540511433288664
2025/04/28,-0.6537,-0.1732,1.0417994009454061
2025/04/29,-0.13,0.1032,1.0538119522819593
2025/04/30,0.8327,0.8517,1.0698756715478523
2025/05/06,1.9702,1.3931,1.1043292308576793
2025/05/07,0.5085,0.3571,1.1112475663634027
2025/05/08,1.65,-0.3637,1.127069964824787
2025/05/09,-0.8714,-1.9602,1.1086266708152916
2025/05/12,2.6318,0.4882,1.1279577164704309
2025/05/13,-0.1188,-0.1532,1.123447385788312
2025/05/14,1.0125,0.4051,1.121702907922134
2025/05/15,-1.9152,-1.2629,1.1071225087586534
2025/05/16,-0.1861,-0.5727,1.1137390825063234
2025/05/19,-0.328,0.0018,1.121619911391529
2025/05/20,0.7725,0.2434,1.134816992214754
2025/05/21,0.8265,-0.2196,1.1269489542144615
2025/05/22,-0.9598,-0.4797,1.1131888624055448
2025/05/23,-1.1765,-1.0228,1.1015918834747762
2025/05/26,-0.8034,0.1716,1.1127857975260558
2025/05/27,-0.679,-0.9509,1.1128682215700785
2025/05/28,-0.3143,-0.2343,1.1081815217278048
2025/05/29,1.3683,1.6136,1.1353714091904943
2025/05/30,-0.962,-0.9404,1.119441694170988
2025/06/03,0.4773,0.4794,1.131298607901725
2025/06/04,1.1102,0.4482,1.1420418946277753
2025/06/05,1.1695,1.0442,1.1522915835870322
2025/06/06,-0.4481,-0.4782,1.1519425083747004
2025/06/09,1.0716,0.602,1.1717161775022062
2025/06/10,-1.1653,-1.4743,1.1595678007395398
2025/06/11,1.2073,-0.2006,1.1674622542837547
2025/06/12,0.2564,-0.3017,1.1723316342747694
2025/06/13,-1.1286,-0.5146,1.1510905911560494
2025/06/16,0.6605,-0.2106,1.165902859415763
2025/06/17,-0.3587,-0.8042,1.1633057175241857
2025/06/18,0.2334,0.5291,1.1650357276220018
2025/06/19,-1.3584,-0.5408,1.1448451458465925
2025/06/20,-0.835,-0.5266,1.134863241019956
2025/06/23,0.3851,0.3776,1.1580554310483961
2025/06/24,2.3047,1.7915,1.183796467139208
2025/06/25,3.1131,1.7263,1.1984699084605508
2025/06/26,-0.6562,-0.5662,1.1949887608562417
2025/06/27,0.4691,-0.1779,1.2013197635117077
2025/06/30,1.3496,1.5384,1.2232442456313184
2025/07/01,-0.2366,-0.8589,1.2270965108745455
2025/07/02,-1.1267,-1.2223,1.214500107500151
2025/07/03,1.9009,0.2354,1.2233485909333648
2025/07/04,-0.3629,-0.0149,1.2107154492728591
2025/07/07,-1.208,-0.6609,1.2157889886845006
2025/07/08,2.389,1.3958,1.2345264611045286
2025/07/09,0.1649,-0.8909,1.2301475834017261
2025/07/10,0.2244,-0.3176,1.2296930807740867
2025/07/11,0.8001,1.4754,1.237973342102787
2025/07/14,-0.4544,-0.2071,1.245239205723323
2025/07/15,1.7287,0.3886,1.241322218634976
2025/07/16,-0.2172,0.139,1.2499692443835426
2025/07/17,1.7547,0.8037,1.2671678962090194
2025/07/18,0.3448,0.1867,1.2703065697144975
2025/07/21,0.8665,0.0366,1.2835781103046555
2025/07/22,0.6083,0.8306,1.2848278147886292
2025/07/23,-0.008,0.4517,1.2781012914884755
2025/07/24,1.5016,1.1738,1.2960382161372765
2025/07/25,-0.2265,2.0679,1.3041778027083766
2025/07/28,0.9634,0.0866,1.3168023351310398
2025/07/29,1.8621,1.4538,1.3279766144027751
2025/07/30,-1.6168,-1.1095,1.3181697727007335
2025/07/31,-1.6628,-1.0109,1.310099489174537
2025/08/01,-0.2442,-1.0588,1.3185115724895524
2025/08/04,0.5036,1.2184,1.341830267126205
2025/08/05,0.3878,0.404,1.3521274323412233
2025/08/06,0.6648,0.5804,1.368353542944114
2025/08/07,-0.6822,-0.1469,1.3694233491110586
2025/08/08,-0.38,-1.3862,1.3622681121119533
2025/08/11,1.9648,0.5935,1.3902630760055632
2025/08/12,1.243,1.9128,1.3891177494782883
2025/08/13,3.6153,0.7374,1.4030286107715813
2025/08/14,-1.0755,0.7458,1.373505872289434
2025/08/15,2.6143,1.4329,1.4063007423606795
2025/08/18,2.8404,2.1365,1.4403373267239756
2025/08/19,-0.1711,-1.1162,1.445115084073825
2025/08/20,0.2272,3.2259,1.4520449889479925
2025/08/21,-0.4674,0.0874,1.4436169132595416
2025/08/22,3.3554,8.5899,1.4635989388707915
2025/08/25,2.9986,3.1952,1.4830934620249963
2025/08/26,-0.7551,-1.3095,1.4828197571265795
2025/08/27,-0.6903,0.1326,1.447689295599454
2025/08/28,3.8181,7.2333,1.4647779503367466
2025/08/29,2.2267,-1.707,1.4570953218172458
2025/09/01,2.2923,1.1808,1.4755935257724995
2025/09/02,-2.8465,-2.1272,1.437787668679258
2025/09/03,0.9453,-1.6413,1.4110494477181168
2025/09/04,-4.2466,-6.0846,1.3847520295918727
2025/09/05,6.5532,3.3877,1.4294999452401267
2025/09/08,-0.8429,0.5767,1.4501333474497227
2025/09/09,-2.2255,-2.3779,1.4248602349530337
2025/09/10,1.2657,1.0893,1.4276982145746036
2025/09/11,5.1469,5.3163,1.459688876900291
2025/09/12,-1.0913,0.9038,1.4593145688815874
2025/09/15,1.5149,0.1778,1.45594575579247
2025/09/16,0.6803,1.3168,1.475298609002733
2025/09/17,1.9535,0.9118,1.4841393949291262
2025/09/18,-1.6361,0.7239,1.4655161911806462
2025/09/19,-0.1566,-1.2824,1.4539149891493173
2025/09/22,0.5462,3.3754,1.4646949546014656
2025/09/23,0.2145,-0.0953,1.4450759955034094
2025/09/24,2.2802,3.4937,1.4763855322493447
2025/09/25,1.5757,1.2371,1.4715208566844384
2025/09/26,-2.6032,-1.6048,1.45010006001056
2025/09/29,2.7441,1.3503,1.4659956073373772
2025/09/30,0.0046,1.6916,1.4792093147642444
2025/10/09,0.7307,2.9287,1.489544638999061
2025/10/10,-4.5545,-5.6141,1.4656929628718216
2025/10/13,-1.1082,1.4003,1.4657015225187249
2025/10/14,-3.9879,-4.2577,1.4332000602813593
2025/10/15,2.3642,1.3966,1.4566914131574213
2025/10/16,0.3825,-0.9386,1.4395295198086202
2025/10/17,-3.3605,-3.7701,1.3971442573473936
2025/10/20,1.9788,0.347,1.4175157802492524
2025/10/21,3.0153,2.8087,1.4437958282323413
2025/10/22,-0.7911,-0.0648,1.437575378285985
2025/10/23,0.0929,-0.2954,1.4362215704249919
2025/10/24,3.5728,4.3508,1.4599773789483905
2025/10/27,1.9828,1.5035,1.4744154748429297
2025/10/28,-0.1509,-0.8406,1.4808571370758996
2025/10/29,2.9321,1.1818,1.4852013647646543
2025/10/30,-1.8425,-1.8684,1.4667330937219967
2025/10/31,-2.3135,-3.1325,1.483154241421373
2025/11/03,0.293,-1.0361,1.4924004029409028
2025/11/04,-1.9638,-0.9722,1.473925844036861
2025/11/05,1.0256,0.2275,1.4806684209852166
2025/11/06,1.8442,3.3417,1.4888332856657394
2025/11/07,-0.5091,-1.4735,1.4826951535722623
2025/11/10,-0.9157,-0.5741,1.4908682733751046
2025/11/11,-1.4002,-1.4226,1.4916856269973
2025/11/12,-0.3921,-0.5825,1.4829439912185454
2025/11/13,2.5537,1.4382,1.500897519578151
2025/11/14,-2.8187,-2.7199,1.4902677881201187
2025/11/17,-0.2026,-0.5285,1.4970092827078818
2025/11/18,-1.1588,0.2872,1.488278425169273
2025/11/19,0.2485,-0.967,1.4673379458919664
2025/11/20,-1.1214,-1.2351,1.4549809061144319
2025/11/21,-4.0187,-3.189,1.3991892267752022
2025/11/24,0.307,0.8377,1.4305652896234538
2025/11/25,1.7716,0.4292,1.4534078838024749
2025/11/26,2.139,0.9887,1.4460432189759074
2025/11/27,-0.4401,-0.3301,1.4533650997504377
2025/11/28,0.7024,1.255,1.472494756270185
2025/12/01,1.3075,0.7239,1.4792480736958145
2025/12/02,-0.6904,-1.2418,1.464474497749238
2025/12/03,-1.1189,-0.893,1.4458244882441265
2025/12/04,1.0109,1.3603,1.436551432640365
2025/12/05,1.3631,-0.0048,1.463970602524885
2025/12/08,2.6042,1.8621,1.4859429859452364
2025/12/09,0.606,-0.2732,1.4762374453165261
2025/12/10,-0.0187,-0.0299,1.4756283054594652
2025/12/11,-1.4126,-1.5499,1.4530290874739196
2025/12/12,0.9699,1.7385,1.462897436233535
2025/12/15,-1.7705,-2.2222,1.4524563129908798
2025/12/16,-2.1046,-1.9352,1.426694008219982
2025/12/17,3.3904,2.4705,1.4468878061527697
2025/12/18,-2.1677,-1.4614,1.448648292422028
2025/12/19,0.4884,0.2008,1.4682585139781987
2025/12/22,2.2339,2.037,1.4802929480621698
2025/12/23,0.4081,0.3572,1.473001439482041
2025/12/24,0.7665,0.9038,1.4998673065165524
2025/12/25,0.3024,-0.2269,1.5183243136223916
2025/12/26,0.1399,-0.2395,1.5141795463613357
2025/12/29,-0.6555,0.0366,1.5131319309585947
2025/12/30,0.6297,1.0068,1.5106304666442918
2025/12/31,-1.2252,-1.1525,1.514072936670595
2026/01/05,2.8528,4.4051,1.555533295539515
2026/01/06,0.7509,1.8447,1.5727219695658927
2026/01/07,0.3134,0.9855,1.5832701843613317
2026/01/08,-0.8225,0.8165,1.6061760982554738
2026/01/09,0.7724,1.429,1.6367979901245633
2026/01/12,1.8189,2.4302,1.6909716006110929
2026/01/13,-1.9612,-2.7957,1.6622027963950083
2026/01/14,0.8203,2.1327,1.6827026936168643
2026/01/15,0.5607,-0.4641,1.6709129549832262
2026/01/16,-0.2049,1.347,1.6774030148281949
2026/01/19,-0.6965,-0.4763,1.6848717691699284
2026/01/20,-1.7866,-1.5836,1.6666628376502606
2026/01/21,0.5352,3.5333,1.6845431799050252
2026/01/22,1.0051,0.4067,1.6966679489693006
2026/01/23,0.6266,0.7829,1.7323113117077351
2026/01/26,-0.9062,-1.3459,1.7030171132404408
2026/01/27,0.7065,1.5124,1.7120253755324664
2026/01/28,-0.5695,-0.0755,1.6972476860984826
2026/01/29,-0.5732,-3.0334,1.6749239400355211
2026/01/30,1.2663,0.1169,1.6729891181477103
2026/02/02,-2.4577,-3.876,1.6293542996176376
2026/02/03,1.8621,1.3903,1.6772981802322304
2026/02/04,-0.4023,-1.1959,1.6740355836769518
2026/02/05,-1.5472,-1.4417,1.65881883458631
2026/02/06,-0.7304,-0.7061,1.6615695045660093
2026/02/09,2.9756,2.5138,1.6997895743221434
2026/02/10,-0.367,0.9145,1.708492021001592
2026/02/11,-1.0782,-1.1134,1.7017110674249973
2026/02/12,1.319,1.7786,1.7101451558858118
2026/02/13,-1.5656,-0.7199,1.7031391529213398
2026/02/24,0.9862,-0.3379,1.714784162502741
2026/02/25,1.4072,0.5405,1.7345663755930962
2026/02/26,-0.2932,0.8539,1.7472828979884996
2026/02/27,-1.0367,0.1453,1.7600658973603807
2026/03/02,-0.4877,-1.5626,1.7218409270067798
2026/03/03,-2.5706,-5.2132,1.6439341508368364
2026/03/04,-1.4055,-0.4934,1.6388260528859901
2026/03/05,1.6612,1.7223,1.6671790054969786
2026/03/06,0.3843,0.6433,1.6922947904661496
2026/03/09,-0.6416,-1.6906,1.681442154743734
2026/03/10,3.0406,2.1616,1.7242476197279164
2026/03/11,1.3123,-1.3695,1.7160962218631763
2026/03/12,-0.9555,-1.2442,1.6967885433977292
2026/03/13,-0.2184,-0.7239,1.6771725649234983
2026/03/16,1.4121,0.8263,1.6865920524281526
2026/03/17,-2.2926,-2.2263,1.6429917251579451
2026/03/18,2.0215,1.3605,1.673339195294496
2026/03/19,-1.1135,-2.4438,1.6323793490726048
2026/03/20,1.2994,-1.5479,1.5911701446145823
2026/03/23,-3.4868,-4.3138,1.5038000262343896
2026/03/24,0.5046,2.327,1.5574221365818486
2026/03/25,2.0122,1.9074,1.5869476364276178
2026/03/26,-1.3411,-2.0226,1.555180689942759
2026/03/27,0.7148,0.9271,1.5838205242853791
2026/03/30,-0.6834,-0.8438,1.5868132957098635
2026/03/31,-2.7007,-2.5937,1.5568134954532946
2026/04/01,1.9646,3.3328,1.5947503003457395
2026/04/02,-2.3056,-2.7744,1.5633503845695669
2026/04/03,-0.7266,-0.4731,1.537801893715877
2026/04/07,0.3562,1.4173,1.5560715799559601
2026/04/08,5.9097,6.1754,1.6339360013525344
2026/04/09,-0.7262,-0.6464,1.613338195635484
2026/04/10,3.776,1.529,1.632150057797615
2026/04/13,0.8018,0.791,1.6359236376957447
2026/04/14,2.3613,2.1657,1.6607376546170411
2026/04/15,-1.2243,0.089,1.653449806352532
2026/04/16,3.1668,1.131,1.6823477769290818
2026/04/17,1.4346,0.079,1.6899922138161476
2026/04/20,-0.0195,1.9089,1.7022370186015081
2026/04/21,0.3089,-1.6438,1.6982361828472083
2026/04/22,1.7301,1.7146,1.7150648712834946
2026/04/23,-0.8663,-1.278,1.6872356798612897
2026/04/24,-1.4102,1.4724,1.690175536182237
2026/04/27,-0.5179,3.7628,1.7148764206364633
2026/04/28,-1.4272,-1.3076,1.6901318857051169
2026/04/29,2.515,0.3254,1.7098941077064198
2026/04/30,-0.2717,5.1932,1.7261835165171315
2026/05/06,2.747,5.4664,1.7580157905558613
2026/05/07,1.453,1.3242,1.7892863733692685
2026/05/08,-0.9634,-2.2888,1.8051135059849066
2026/05/11,3.4995,4.6469,1.8378184802818012
2026/05/12,0.1504,0.4131,1.8201702586011663
2026/05/13,2.6291,2.6896,1.8431773562835057
2026/05/14,-2.1591,-2.5452,1.8109395945053532
2026/05/15,-0.5587,-1.6713,1.8060050919700572
2026/05/18,-0.3611,0.8077,1.8185331506324933
2026/05/19,-0.1644,3.8113,1.8437802100693543
2026/05/20,0.3416,3.2047,1.8405130684127156
2026/05/21,-2.3461,-3.7034,1.7734023299683985
2026/05/22,2.8389,1.5076,1.8162899372358885
2026/05/25,2.0987,5.8782,1.82338587325138
2026/05/26,0.5448,-1.4941,1.7902485518499873
2026/05/27,0.067,-2.7979,1.7699592711571899
2026/05/28,1.9601,1.5863,1.7876717314726631
2026/05/29,-2.1121,-5.0387,1.7188084175401064
2026/06/01,-2.1548,-5.0036,1.7226270254490186
2026/06/02,2.6558,1.6148,1.7102556349403515
2026/06/03,1.6548,2.1072,1.7077443639762306
2026/06/04,-0.8271,0.6881,1.6958530667307659
