symbol,sector,close,vol_20d,ma20_slope,trend_dir,has_trend,volume_ratio,avg_daily_amt,formula_vol_20d,formula_ma20_slope,formula_trend_dir,formula_volume_ratio,formula_cta_friendly
A,农产品,4713.0,0.1379,-0.2231,震荡,False,1.0665,1316950.29,std(近20日涨跌幅%) × sqrt(252) / 100 → 年化波动率,(MA20_today - MA20_yesterday) / MA20_yesterday × 100,多头(slope>0.5) | 空头(slope<-0.5) | 震荡(其他),成交额MA20 / 成交额MA60,0.40×趋势占比 + 0.30×波动率分位 + 0.30×成交量比标准化 (×100)
AG,贵金属,18522.0,0.5136,0.1013,震荡,False,1.0075,20099612.26,std(近20日涨跌幅%) × sqrt(252) / 100 → 年化波动率,(MA20_today - MA20_yesterday) / MA20_yesterday × 100,多头(slope>0.5) | 空头(slope<-0.5) | 震荡(其他),成交额MA20 / 成交额MA60,0.40×趋势占比 + 0.30×波动率分位 + 0.30×成交量比标准化 (×100)
AL,有色金属,24825.0,38.5497,7.3352,多头,True,1.2133,2099452.46,std(近20日涨跌幅%) × sqrt(252) / 100 → 年化波动率,(MA20_today - MA20_yesterday) / MA20_yesterday × 100,多头(slope>0.5) | 空头(slope<-0.5) | 震荡(其他),成交额MA20 / 成交额MA60,0.40×趋势占比 + 0.30×波动率分位 + 0.30×成交量比标准化 (×100)
AO,有色金属,2851.0,0.2004,0.0107,震荡,False,0.7947,1939147.9,std(近20日涨跌幅%) × sqrt(252) / 100 → 年化波动率,(MA20_today - MA20_yesterday) / MA20_yesterday × 100,多头(slope>0.5) | 空头(slope<-0.5) | 震荡(其他),成交额MA20 / 成交额MA60,0.40×趋势占比 + 0.30×波动率分位 + 0.30×成交量比标准化 (×100)
AP,农产品,7603.0,0.1776,-0.1556,震荡,False,0.8467,736159.18,std(近20日涨跌幅%) × sqrt(252) / 100 → 年化波动率,(MA20_today - MA20_yesterday) / MA20_yesterday × 100,多头(slope>0.5) | 空头(slope<-0.5) | 震荡(其他),成交额MA20 / 成交额MA60,0.40×趋势占比 + 0.30×波动率分位 + 0.30×成交量比标准化 (×100)
AU,贵金属,990.6,0.1942,-0.1268,震荡,False,0.8021,19341970.36,std(近20日涨跌幅%) × sqrt(252) / 100 → 年化波动率,(MA20_today - MA20_yesterday) / MA20_yesterday × 100,多头(slope>0.5) | 空头(slope<-0.5) | 震荡(其他),成交额MA20 / 成交额MA60,0.40×趋势占比 + 0.30×波动率分位 + 0.30×成交量比标准化 (×100)
B,农产品,3574.0,0.1675,-0.1319,震荡,False,1.135,685196.27,std(近20日涨跌幅%) × sqrt(252) / 100 → 年化波动率,(MA20_today - MA20_yesterday) / MA20_yesterday × 100,多头(slope>0.5) | 空头(slope<-0.5) | 震荡(其他),成交额MA20 / 成交额MA60,0.40×趋势占比 + 0.30×波动率分位 + 0.30×成交量比标准化 (×100)
BC,有色金属,94810.0,0.1805,0.2882,震荡,False,1.4059,366602.44,std(近20日涨跌幅%) × sqrt(252) / 100 → 年化波动率,(MA20_today - MA20_yesterday) / MA20_yesterday × 100,多头(slope>0.5) | 空头(slope<-0.5) | 震荡(其他),成交额MA20 / 成交额MA60,0.40×趋势占比 + 0.30×波动率分位 + 0.30×成交量比标准化 (×100)
BR,能源化工,14700.0,0.3249,-0.5161,空头,True,0.5195,1535208.56,std(近20日涨跌幅%) × sqrt(252) / 100 → 年化波动率,(MA20_today - MA20_yesterday) / MA20_yesterday × 100,多头(slope>0.5) | 空头(slope<-0.5) | 震荡(其他),成交额MA20 / 成交额MA60,0.40×趋势占比 + 0.30×波动率分位 + 0.30×成交量比标准化 (×100)
BU,能源化工,4321.0,0.3,-0.1178,震荡,False,0.5621,1436849.34,std(近20日涨跌幅%) × sqrt(252) / 100 → 年化波动率,(MA20_today - MA20_yesterday) / MA20_yesterday × 100,多头(slope>0.5) | 空头(slope<-0.5) | 震荡(其他),成交额MA20 / 成交额MA60,0.40×趋势占比 + 0.30×波动率分位 + 0.30×成交量比标准化 (×100)
C,农产品,2333.0,0.0884,-0.1999,震荡,False,1.0082,1562835.03,std(近20日涨跌幅%) × sqrt(252) / 100 → 年化波动率,(MA20_today - MA20_yesterday) / MA20_yesterday × 100,多头(slope>0.5) | 空头(slope<-0.5) | 震荡(其他),成交额MA20 / 成交额MA60,0.40×趋势占比 + 0.30×波动率分位 + 0.30×成交量比标准化 (×100)
CF,农产品,16355.0,0.1552,0.0385,震荡,False,1.1893,4577766.09,std(近20日涨跌幅%) × sqrt(252) / 100 → 年化波动率,(MA20_today - MA20_yesterday) / MA20_yesterday × 100,多头(slope>0.5) | 空头(slope<-0.5) | 震荡(其他),成交额MA20 / 成交额MA60,0.40×趋势占比 + 0.30×波动率分位 + 0.30×成交量比标准化 (×100)
CJ,农产品,9555.0,0.1963,0.2451,震荡,False,1.1171,480612.06,std(近20日涨跌幅%) × sqrt(252) / 100 → 年化波动率,(MA20_today - MA20_yesterday) / MA20_yesterday × 100,多头(slope>0.5) | 空头(slope<-0.5) | 震荡(其他),成交额MA20 / 成交额MA60,0.40×趋势占比 + 0.30×波动率分位 + 0.30×成交量比标准化 (×100)
CS,农产品,2696.0,0.09,-0.1543,震荡,False,1.1585,498030.81,std(近20日涨跌幅%) × sqrt(252) / 100 → 年化波动率,(MA20_today - MA20_yesterday) / MA20_yesterday × 100,多头(slope>0.5) | 空头(slope<-0.5) | 震荡(其他),成交额MA20 / 成交额MA60,0.40×趋势占比 + 0.30×波动率分位 + 0.30×成交量比标准化 (×100)
CU,有色金属,106620.0,0.1714,0.2671,震荡,False,1.013,5802353.53,std(近20日涨跌幅%) × sqrt(252) / 100 → 年化波动率,(MA20_today - MA20_yesterday) / MA20_yesterday × 100,多头(slope>0.5) | 空头(slope<-0.5) | 震荡(其他),成交额MA20 / 成交额MA60,0.40×趋势占比 + 0.30×波动率分位 + 0.30×成交量比标准化 (×100)
CY,农产品,22720.0,0.1128,0.0606,震荡,False,0.9878,122960.52,std(近20日涨跌幅%) × sqrt(252) / 100 → 年化波动率,(MA20_today - MA20_yesterday) / MA20_yesterday × 100,多头(slope>0.5) | 空头(slope<-0.5) | 震荡(其他),成交额MA20 / 成交额MA60,0.40×趋势占比 + 0.30×波动率分位 + 0.30×成交量比标准化 (×100)
EB,能源化工,8698.0,0.3118,-0.7163,空头,True,0.5714,1759784.04,std(近20日涨跌幅%) × sqrt(252) / 100 → 年化波动率,(MA20_today - MA20_yesterday) / MA20_yesterday × 100,多头(slope>0.5) | 空头(slope<-0.5) | 震荡(其他),成交额MA20 / 成交额MA60,0.40×趋势占比 + 0.30×波动率分位 + 0.30×成交量比标准化 (×100)
EG,能源化工,4507.0,0.296,-0.6018,空头,True,0.5755,1714995.89,std(近20日涨跌幅%) × sqrt(252) / 100 → 年化波动率,(MA20_today - MA20_yesterday) / MA20_yesterday × 100,多头(slope>0.5) | 空头(slope<-0.5) | 震荡(其他),成交额MA20 / 成交额MA60,0.40×趋势占比 + 0.30×波动率分位 + 0.30×成交量比标准化 (×100)
FG,能源化工,1043.0,0.2015,-0.214,震荡,False,0.9592,1999417.76,std(近20日涨跌幅%) × sqrt(252) / 100 → 年化波动率,(MA20_today - MA20_yesterday) / MA20_yesterday × 100,多头(slope>0.5) | 空头(slope<-0.5) | 震荡(其他),成交额MA20 / 成交额MA60,0.40×趋势占比 + 0.30×波动率分位 + 0.30×成交量比标准化 (×100)
FU,能源化工,3888.0,0.4081,-0.7067,空头,True,0.3384,1008864.02,std(近20日涨跌幅%) × sqrt(252) / 100 → 年化波动率,(MA20_today - MA20_yesterday) / MA20_yesterday × 100,多头(slope>0.5) | 空头(slope<-0.5) | 震荡(其他),成交额MA20 / 成交额MA60,0.40×趋势占比 + 0.30×波动率分位 + 0.30×成交量比标准化 (×100)
HC,黑色系,3399.0,0.1292,-0.0379,震荡,False,1.2513,1728342.87,std(近20日涨跌幅%) × sqrt(252) / 100 → 年化波动率,(MA20_today - MA20_yesterday) / MA20_yesterday × 100,多头(slope>0.5) | 空头(slope<-0.5) | 震荡(其他),成交额MA20 / 成交额MA60,0.40×趋势占比 + 0.30×波动率分位 + 0.30×成交量比标准化 (×100)
I,黑色系,786.5,0.1443,-0.0593,震荡,False,0.9709,1863978.83,std(近20日涨跌幅%) × sqrt(252) / 100 → 年化波动率,(MA20_today - MA20_yesterday) / MA20_yesterday × 100,多头(slope>0.5) | 空头(slope<-0.5) | 震荡(其他),成交额MA20 / 成交额MA60,0.40×趋势占比 + 0.30×波动率分位 + 0.30×成交量比标准化 (×100)
J,黑色系,1979.0,0.411,0.3755,震荡,False,1.0839,330011.55,std(近20日涨跌幅%) × sqrt(252) / 100 → 年化波动率,(MA20_today - MA20_yesterday) / MA20_yesterday × 100,多头(slope>0.5) | 空头(slope<-0.5) | 震荡(其他),成交额MA20 / 成交额MA60,0.40×趋势占比 + 0.30×波动率分位 + 0.30×成交量比标准化 (×100)
JD,农产品,4404.0,0.3256,1.3235,多头,True,2.0268,3031650.51,std(近20日涨跌幅%) × sqrt(252) / 100 → 年化波动率,(MA20_today - MA20_yesterday) / MA20_yesterday × 100,多头(slope>0.5) | 空头(slope<-0.5) | 震荡(其他),成交额MA20 / 成交额MA60,0.40×趋势占比 + 0.30×波动率分位 + 0.30×成交量比标准化 (×100)
JM,黑色系,1362.5,0.4832,0.2995,震荡,False,1.0403,5699836.36,std(近20日涨跌幅%) × sqrt(252) / 100 → 年化波动率,(MA20_today - MA20_yesterday) / MA20_yesterday × 100,多头(slope>0.5) | 空头(slope<-0.5) | 震荡(其他),成交额MA20 / 成交额MA60,0.40×趋势占比 + 0.30×波动率分位 + 0.30×成交量比标准化 (×100)
L,能源化工,7937.0,0.2313,-0.3198,震荡,False,0.702,1976658.12,std(近20日涨跌幅%) × sqrt(252) / 100 → 年化波动率,(MA20_today - MA20_yesterday) / MA20_yesterday × 100,多头(slope>0.5) | 空头(slope<-0.5) | 震荡(其他),成交额MA20 / 成交额MA60,0.40×趋势占比 + 0.30×波动率分位 + 0.30×成交量比标准化 (×100)
LH,农产品,10560.0,0.2177,-0.3191,震荡,False,0.8106,2755150.48,std(近20日涨跌幅%) × sqrt(252) / 100 → 年化波动率,(MA20_today - MA20_yesterday) / MA20_yesterday × 100,多头(slope>0.5) | 空头(slope<-0.5) | 震荡(其他),成交额MA20 / 成交额MA60,0.40×趋势占比 + 0.30×波动率分位 + 0.30×成交量比标准化 (×100)
LU,能源化工,4745.0,0.4739,-0.3895,震荡,False,0.4956,226986.99,std(近20日涨跌幅%) × sqrt(252) / 100 → 年化波动率,(MA20_today - MA20_yesterday) / MA20_yesterday × 100,多头(slope>0.5) | 空头(slope<-0.5) | 震荡(其他),成交额MA20 / 成交额MA60,0.40×趋势占比 + 0.30×波动率分位 + 0.30×成交量比标准化 (×100)
M,农产品,2973.0,0.1199,-0.0799,震荡,False,0.8884,3118208.8,std(近20日涨跌幅%) × sqrt(252) / 100 → 年化波动率,(MA20_today - MA20_yesterday) / MA20_yesterday × 100,多头(slope>0.5) | 空头(slope<-0.5) | 震荡(其他),成交额MA20 / 成交额MA60,0.40×趋势占比 + 0.30×波动率分位 + 0.30×成交量比标准化 (×100)
MA,能源化工,2890.0,0.3155,0.0723,震荡,False,0.4512,2111013.13,std(近20日涨跌幅%) × sqrt(252) / 100 → 年化波动率,(MA20_today - MA20_yesterday) / MA20_yesterday × 100,多头(slope>0.5) | 空头(slope<-0.5) | 震荡(其他),成交额MA20 / 成交额MA60,0.40×趋势占比 + 0.30×波动率分位 + 0.30×成交量比标准化 (×100)
NI,有色金属,144850.0,0.2455,-0.1383,震荡,False,0.8735,4046728.61,std(近20日涨跌幅%) × sqrt(252) / 100 → 年化波动率,(MA20_today - MA20_yesterday) / MA20_yesterday × 100,多头(slope>0.5) | 空头(slope<-0.5) | 震荡(其他),成交额MA20 / 成交额MA60,0.40×趋势占比 + 0.30×波动率分位 + 0.30×成交量比标准化 (×100)
NR,能源化工,15760.0,0.2763,0.3942,震荡,False,1.2639,1435259.72,std(近20日涨跌幅%) × sqrt(252) / 100 → 年化波动率,(MA20_today - MA20_yesterday) / MA20_yesterday × 100,多头(slope>0.5) | 空头(slope<-0.5) | 震荡(其他),成交额MA20 / 成交额MA60,0.40×趋势占比 + 0.30×波动率分位 + 0.30×成交量比标准化 (×100)
OI,农产品,9990.0,0.1832,0.1688,震荡,False,1.0646,2030085.74,std(近20日涨跌幅%) × sqrt(252) / 100 → 年化波动率,(MA20_today - MA20_yesterday) / MA20_yesterday × 100,多头(slope>0.5) | 空头(slope<-0.5) | 震荡(其他),成交额MA20 / 成交额MA60,0.40×趋势占比 + 0.30×波动率分位 + 0.30×成交量比标准化 (×100)
P,农产品,9726.0,0.1472,-0.0495,震荡,False,1.053,5681999.66,std(近20日涨跌幅%) × sqrt(252) / 100 → 年化波动率,(MA20_today - MA20_yesterday) / MA20_yesterday × 100,多头(slope>0.5) | 空头(slope<-0.5) | 震荡(其他),成交额MA20 / 成交额MA60,0.40×趋势占比 + 0.30×波动率分位 + 0.30×成交量比标准化 (×100)
PB,有色金属,16600.0,0.1015,-0.009,震荡,False,1.08,483174.48,std(近20日涨跌幅%) × sqrt(252) / 100 → 年化波动率,(MA20_today - MA20_yesterday) / MA20_yesterday × 100,多头(slope>0.5) | 空头(slope<-0.5) | 震荡(其他),成交额MA20 / 成交额MA60,0.40×趋势占比 + 0.30×波动率分位 + 0.30×成交量比标准化 (×100)
PF,能源化工,7760.0,0.2988,-0.1871,震荡,False,1.0555,705188.94,std(近20日涨跌幅%) × sqrt(252) / 100 → 年化波动率,(MA20_today - MA20_yesterday) / MA20_yesterday × 100,多头(slope>0.5) | 空头(slope<-0.5) | 震荡(其他),成交额MA20 / 成交额MA60,0.40×趋势占比 + 0.30×波动率分位 + 0.30×成交量比标准化 (×100)
PG,能源化工,5670.0,0.4036,-0.2757,震荡,False,0.7024,1179838.15,std(近20日涨跌幅%) × sqrt(252) / 100 → 年化波动率,(MA20_today - MA20_yesterday) / MA20_yesterday × 100,多头(slope>0.5) | 空头(slope<-0.5) | 震荡(其他),成交额MA20 / 成交额MA60,0.40×趋势占比 + 0.30×波动率分位 + 0.30×成交量比标准化 (×100)
PK,农产品,8162.0,0.0411,-0.1742,震荡,False,1.1917,353631.54,std(近20日涨跌幅%) × sqrt(252) / 100 → 年化波动率,(MA20_today - MA20_yesterday) / MA20_yesterday × 100,多头(slope>0.5) | 空头(slope<-0.5) | 震荡(其他),成交额MA20 / 成交额MA60,0.40×趋势占比 + 0.30×波动率分位 + 0.30×成交量比标准化 (×100)
PP,能源化工,8651.0,0.2331,-0.0981,震荡,False,0.7886,2684824.69,std(近20日涨跌幅%) × sqrt(252) / 100 → 年化波动率,(MA20_today - MA20_yesterday) / MA20_yesterday × 100,多头(slope>0.5) | 空头(slope<-0.5) | 震荡(其他),成交额MA20 / 成交额MA60,0.40×趋势占比 + 0.30×波动率分位 + 0.30×成交量比标准化 (×100)
PX,能源化工,8848.0,0.401,-0.2315,震荡,False,0.6401,1318633.58,std(近20日涨跌幅%) × sqrt(252) / 100 → 年化波动率,(MA20_today - MA20_yesterday) / MA20_yesterday × 100,多头(slope>0.5) | 空头(slope<-0.5) | 震荡(其他),成交额MA20 / 成交额MA60,0.40×趋势占比 + 0.30×波动率分位 + 0.30×成交量比标准化 (×100)
RB,黑色系,3180.0,0.1309,-0.0529,震荡,False,1.1647,2547919.81,std(近20日涨跌幅%) × sqrt(252) / 100 → 年化波动率,(MA20_today - MA20_yesterday) / MA20_yesterday × 100,多头(slope>0.5) | 空头(slope<-0.5) | 震荡(其他),成交额MA20 / 成交额MA60,0.40×趋势占比 + 0.30×波动率分位 + 0.30×成交量比标准化 (×100)
RI,农产品,2479.0,0.0,0.0,震荡,False,1.0,0.0,std(近20日涨跌幅%) × sqrt(252) / 100 → 年化波动率,(MA20_today - MA20_yesterday) / MA20_yesterday × 100,多头(slope>0.5) | 空头(slope<-0.5) | 震荡(其他),成交额MA20 / 成交额MA60,0.40×趋势占比 + 0.30×波动率分位 + 0.30×成交量比标准化 (×100)
RM,农产品,2299.0,0.1485,-0.2352,震荡,False,1.0241,1437853.36,std(近20日涨跌幅%) × sqrt(252) / 100 → 年化波动率,(MA20_today - MA20_yesterday) / MA20_yesterday × 100,多头(slope>0.5) | 空头(slope<-0.5) | 震荡(其他),成交额MA20 / 成交额MA60,0.40×趋势占比 + 0.30×波动率分位 + 0.30×成交量比标准化 (×100)
RR,农产品,3569.0,0.0915,-0.0588,震荡,False,0.6847,11380.77,std(近20日涨跌幅%) × sqrt(252) / 100 → 年化波动率,(MA20_today - MA20_yesterday) / MA20_yesterday × 100,多头(slope>0.5) | 空头(slope<-0.5) | 震荡(其他),成交额MA20 / 成交额MA60,0.40×趋势占比 + 0.30×波动率分位 + 0.30×成交量比标准化 (×100)
RU,能源化工,18170.0,0.2109,0.1638,震荡,False,1.1672,6266341.31,std(近20日涨跌幅%) × sqrt(252) / 100 → 年化波动率,(MA20_today - MA20_yesterday) / MA20_yesterday × 100,多头(slope>0.5) | 空头(slope<-0.5) | 震荡(其他),成交额MA20 / 成交额MA60,0.40×趋势占比 + 0.30×波动率分位 + 0.30×成交量比标准化 (×100)
SA,能源化工,1206.0,0.1923,-0.2458,震荡,False,0.824,1676701.22,std(近20日涨跌幅%) × sqrt(252) / 100 → 年化波动率,(MA20_today - MA20_yesterday) / MA20_yesterday × 100,多头(slope>0.5) | 空头(slope<-0.5) | 震荡(其他),成交额MA20 / 成交额MA60,0.40×趋势占比 + 0.30×波动率分位 + 0.30×成交量比标准化 (×100)
SC,能源化工,596.0,0.4361,-0.7319,空头,True,0.3622,2415634.63,std(近20日涨跌幅%) × sqrt(252) / 100 → 年化波动率,(MA20_today - MA20_yesterday) / MA20_yesterday × 100,多头(slope>0.5) | 空头(slope<-0.5) | 震荡(其他),成交额MA20 / 成交额MA60,0.40×趋势占比 + 0.30×波动率分位 + 0.30×成交量比标准化 (×100)
SF,黑色系,5890.0,0.2403,0.1219,震荡,False,1.3237,848055.57,std(近20日涨跌幅%) × sqrt(252) / 100 → 年化波动率,(MA20_today - MA20_yesterday) / MA20_yesterday × 100,多头(slope>0.5) | 空头(slope<-0.5) | 震荡(其他),成交额MA20 / 成交额MA60,0.40×趋势占比 + 0.30×波动率分位 + 0.30×成交量比标准化 (×100)
SI,有色金属,8690.0,0.1963,-0.0605,震荡,False,1.3552,1341185.57,std(近20日涨跌幅%) × sqrt(252) / 100 → 年化波动率,(MA20_today - MA20_yesterday) / MA20_yesterday × 100,多头(slope>0.5) | 空头(slope<-0.5) | 震荡(其他),成交额MA20 / 成交额MA60,0.40×趋势占比 + 0.30×波动率分位 + 0.30×成交量比标准化 (×100)
SM,黑色系,6006.0,0.1727,-0.1619,震荡,False,0.7139,665877.93,std(近20日涨跌幅%) × sqrt(252) / 100 → 年化波动率,(MA20_today - MA20_yesterday) / MA20_yesterday × 100,多头(slope>0.5) | 空头(slope<-0.5) | 震荡(其他),成交额MA20 / 成交额MA60,0.40×趋势占比 + 0.30×波动率分位 + 0.30×成交量比标准化 (×100)
SN,有色金属,449820.0,0.3584,0.7447,多头,True,1.1502,9985372.48,std(近20日涨跌幅%) × sqrt(252) / 100 → 年化波动率,(MA20_today - MA20_yesterday) / MA20_yesterday × 100,多头(slope>0.5) | 空头(slope<-0.5) | 震荡(其他),成交额MA20 / 成交额MA60,0.40×趋势占比 + 0.30×波动率分位 + 0.30×成交量比标准化 (×100)
SP,能源化工,4860.0,0.1177,-0.2108,震荡,False,1.0547,1356887.15,std(近20日涨跌幅%) × sqrt(252) / 100 → 年化波动率,(MA20_today - MA20_yesterday) / MA20_yesterday × 100,多头(slope>0.5) | 空头(slope<-0.5) | 震荡(其他),成交额MA20 / 成交额MA60,0.40×趋势占比 + 0.30×波动率分位 + 0.30×成交量比标准化 (×100)
SR,农产品,5433.0,0.0814,0.0341,震荡,False,1.1971,2359919.94,std(近20日涨跌幅%) × sqrt(252) / 100 → 年化波动率,(MA20_today - MA20_yesterday) / MA20_yesterday × 100,多头(slope>0.5) | 空头(slope<-0.5) | 震荡(其他),成交额MA20 / 成交额MA60,0.40×趋势占比 + 0.30×波动率分位 + 0.30×成交量比标准化 (×100)
SS,黑色系,15065.0,0.1752,-0.1233,震荡,False,1.0165,1446723.28,std(近20日涨跌幅%) × sqrt(252) / 100 → 年化波动率,(MA20_today - MA20_yesterday) / MA20_yesterday × 100,多头(slope>0.5) | 空头(slope<-0.5) | 震荡(其他),成交额MA20 / 成交额MA60,0.40×趋势占比 + 0.30×波动率分位 + 0.30×成交量比标准化 (×100)
TA,能源化工,6234.0,0.3494,-0.1067,震荡,False,0.6768,2993291.77,std(近20日涨跌幅%) × sqrt(252) / 100 → 年化波动率,(MA20_today - MA20_yesterday) / MA20_yesterday × 100,多头(slope>0.5) | 空头(slope<-0.5) | 震荡(其他),成交额MA20 / 成交额MA60,0.40×趋势占比 + 0.30×波动率分位 + 0.30×成交量比标准化 (×100)
UR,能源化工,1791.0,0.2424,-0.5882,空头,True,1.1964,1189040.64,std(近20日涨跌幅%) × sqrt(252) / 100 → 年化波动率,(MA20_today - MA20_yesterday) / MA20_yesterday × 100,多头(slope>0.5) | 空头(slope<-0.5) | 震荡(其他),成交额MA20 / 成交额MA60,0.40×趋势占比 + 0.30×波动率分位 + 0.30×成交量比标准化 (×100)
V,能源化工,4950.0,0.2368,-0.3196,震荡,False,0.6511,2629833.4,std(近20日涨跌幅%) × sqrt(252) / 100 → 年化波动率,(MA20_today - MA20_yesterday) / MA20_yesterday × 100,多头(slope>0.5) | 空头(slope<-0.5) | 震荡(其他),成交额MA20 / 成交额MA60,0.40×趋势占比 + 0.30×波动率分位 + 0.30×成交量比标准化 (×100)
WH,农产品,3198.0,0.0,0.0,震荡,False,1.0,0.0,std(近20日涨跌幅%) × sqrt(252) / 100 → 年化波动率,(MA20_today - MA20_yesterday) / MA20_yesterday × 100,多头(slope>0.5) | 空头(slope<-0.5) | 震荡(其他),成交额MA20 / 成交额MA60,0.40×趋势占比 + 0.30×波动率分位 + 0.30×成交量比标准化 (×100)
Y,农产品,8558.0,0.116,-0.0275,震荡,False,0.9205,2315593.15,std(近20日涨跌幅%) × sqrt(252) / 100 → 年化波动率,(MA20_today - MA20_yesterday) / MA20_yesterday × 100,多头(slope>0.5) | 空头(slope<-0.5) | 震荡(其他),成交额MA20 / 成交额MA60,0.40×趋势占比 + 0.30×波动率分位 + 0.30×成交量比标准化 (×100)
ZN,有色金属,24985.0,0.1527,0.2724,震荡,False,1.0868,1377913.79,std(近20日涨跌幅%) × sqrt(252) / 100 → 年化波动率,(MA20_today - MA20_yesterday) / MA20_yesterday × 100,多头(slope>0.5) | 空头(slope<-0.5) | 震荡(其他),成交额MA20 / 成交额MA60,0.40×趋势占比 + 0.30×波动率分位 + 0.30×成交量比标准化 (×100)
