symbol,sector,pc1_loading,pc2_loading,pc1_abs,pc1_role,pc2_role,combined_role,close,chg_20d,industry_drivers
PF,能源化工,0.2171,-0.0273,0.2171,核心驱动,中立,趋势跟随主力,8024.0,1.65,
Y,农产品,0.2101,0.0424,0.2101,核心驱动,中立,趋势跟随主力,8487.0,-2.98,棕榈油替代·食用需求·进口大豆到港
L,能源化工,0.2076,-0.071,0.2076,核心驱动,中立,趋势跟随主力,8060.0,-14.15,石化检修·农膜需求·进口到港
EG,能源化工,0.2074,-0.0523,0.2074,核心驱动,中立,趋势跟随主力,4764.0,-16.51,聚酯开工·煤化工投产·库存周期
V,能源化工,0.207,0.0242,0.207,核心驱动,中立,趋势跟随主力,5145.0,-4.69,
BU,能源化工,0.2063,-0.055,0.2063,核心驱动,中立,趋势跟随主力,4294.0,-3.03,道路施工季节性·炼厂排产·库存
TA,能源化工,0.2042,-0.0003,0.2042,核心驱动,中立,趋势跟随主力,6338.0,-0.44,聚酯需求·PX成本·加工费
SC,能源化工,0.2039,-0.0732,0.2039,核心驱动,中立,趋势跟随主力,624.5,-12.04,OPEC+产量·地缘政治·全球需求
P,农产品,0.2035,0.0266,0.2035,核心驱动,中立,趋势跟随主力,9680.0,-2.34,东南亚产量·生柴政策·库存
MA,能源化工,0.203,-0.0806,0.203,核心驱动,中立,趋势跟随主力,2855.0,-5.28,煤制甲醇成本·MTO开工·进口到港
PP,能源化工,0.2029,-0.0884,0.2029,核心驱动,中立,趋势跟随主力,8557.0,-13.26,石化投产·塑编需求·PDH利润
OI,农产品,0.2007,0.0496,0.2007,核心驱动,中立,趋势跟随主力,9755.0,0.36,菜籽进口·食用需求·豆棕价差
PG,能源化工,0.2003,-0.0801,0.2003,核心驱动,中立,趋势跟随主力,5663.0,-13.57,
PX,能源化工,0.1995,-0.0146,0.1995,显著参与,中立,一般品种,9194.0,0.04,
FU,能源化工,0.1977,-0.0808,0.1977,显著参与,中立,一般品种,4277.0,-5.9,炼厂检修·船燃需求·裂解价差
LU,能源化工,0.1953,-0.0772,0.1953,显著参与,中立,一般品种,4809.0,-7.38,
BR,能源化工,0.1926,0.0353,0.1926,显著参与,中立,一般品种,15335.0,-14.52,
EB,能源化工,0.1888,-0.0197,0.1888,显著参与,中立,一般品种,9250.0,-13.3,
B,农产品,0.1798,0.0339,0.1798,显著参与,中立,一般品种,3575.0,-2.83,
UR,能源化工,0.1376,0.0515,0.1376,显著参与,中立,一般品种,1923.0,3.89,农业需求季节性·出口政策·煤头成本
SR,农产品,0.1325,0.0478,0.1325,显著参与,中立,一般品种,5442.0,1.61,甘蔗产量·进口配额·替代糖浆
SA,能源化工,0.1306,0.1366,0.1306,显著参与,明显站队,一般品种,1228.0,5.23,光伏玻璃需求·纯碱产能·库存
J,黑色系,0.1291,0.1112,0.1291,显著参与,中立,一般品种,1828.0,9.99,焦化利润·环保限产·钢厂补库
JM,黑色系,0.1237,0.1126,0.1237,显著参与,中立,一般品种,1286.0,16.01,煤矿安检·进口蒙煤·焦化需求
SM,黑色系,0.1177,0.0259,0.1177,一般参与,中立,一般品种,6008.0,-5.83,
M,农产品,0.1089,0.0037,0.1089,一般参与,中立,一般品种,3003.0,5.63,美豆种植/天气·生猪存栏·压榨利润
AO,有色金属,0.1061,0.0908,0.1061,一般参与,中立,一般品种,2827.0,5.68,电解铝产能·铝土矿进口·氧化铝产能
RM,农产品,0.0996,0.0411,0.0996,一般参与,中立,一般品种,2387.0,5.39,
C,农产品,0.0903,0.0195,0.0903,一般参与,中立,一般品种,2365.0,0.94,饲料需求·深加工·临储拍卖
HC,黑色系,0.086,0.1783,0.086,一般参与,明显站队,一般品种,3473.0,6.05,制造业需求·汽车家电·钢厂利润
PK,农产品,0.084,0.0124,0.084,一般参与,中立,一般品种,8288.0,3.44,
SN,有色金属,-0.0785,0.2445,0.0785,一般参与,分化主力,板块分化旗手,425960.0,17.18,
AG,贵金属,-0.078,0.221,0.078,一般参与,分化主力,板块分化旗手,19840.0,10.79,光伏需求·工业属性·金银比
BC,有色金属,-0.0778,0.2595,0.0778,一般参与,分化主力,板块分化旗手,92850.0,8.49,
A,农产品,0.0756,-0.0286,0.0756,一般参与,中立,一般品种,4804.0,3.53,
FG,能源化工,0.0743,0.1052,0.0743,一般参与,中立,一般品种,1055.0,5.61,地产竣工·光伏组件·产线冷修
SF,黑色系,0.0727,0.103,0.0727,一般参与,中立,一般品种,5768.0,-0.93,
CU,有色金属,-0.0719,0.2595,0.0719,一般参与,分化主力,板块分化旗手,104550.0,8.27,全球制造业PMI·铜矿供给·新能源需求
CS,农产品,0.0661,-0.0126,0.0661,一般参与,中立,一般品种,2700.0,-1.75,
RB,黑色系,0.0658,0.1753,0.0658,一般参与,明显站队,一般品种,3263.0,5.56,地产开工·基建投资·钢厂利润
SP,能源化工,0.0636,0.1555,0.0636,一般参与,明显站队,一般品种,5066.0,0.68,海外浆厂检修·造纸需求·港口库存
CF,农产品,0.0622,0.159,0.0622,一般参与,明显站队,一般品种,16310.0,6.99,新疆产量·纺织需求·抛储政策
AU,贵金属,-0.0556,0.2241,0.0556,独立运行,分化主力,板块分化旗手,1038.22,0.38,美元/实际利率·央行购金·避险情绪
I,黑色系,0.0533,0.149,0.0533,独立运行,明显站队,独立行情,814.5,2.13,铁水产量·港口库存·澳巴发运
CJ,农产品,0.0513,0.1412,0.0513,独立运行,明显站队,独立行情,9265.0,7.3,
CY,农产品,0.0485,0.1643,0.0485,独立运行,明显站队,独立行情,22240.0,3.13,
RU,能源化工,0.0389,0.2319,0.0389,独立运行,分化主力,板块分化旗手,17830.0,5.35,泰国割胶季·轮胎开工·合成胶价差
SI,有色金属,0.0313,0.1722,0.0313,独立运行,明显站队,独立行情,9020.0,9.2,光伏多晶硅·有机硅需求·产能投放
NR,能源化工,0.0282,0.2169,0.0282,独立运行,分化主力,板块分化旗手,15065.0,6.39,
NI,有色金属,0.0246,0.272,0.0246,独立运行,分化主力,板块分化旗手,146450.0,9.92,不锈钢需求·印尼镍矿·新能源电池
AP,农产品,-0.0188,-0.0357,0.0188,独立运行,中立,独立行情,7630.0,-22.62,
RR,农产品,-0.0179,0.0809,0.0179,独立运行,中立,独立行情,3623.0,1.4,
PB,有色金属,-0.0122,0.1443,0.0122,独立运行,明显站队,独立行情,16710.0,-0.12,
JD,农产品,0.011,0.0425,0.011,独立运行,中立,独立行情,3461.0,1.47,
ZN,有色金属,0.0105,0.2638,0.0105,独立运行,分化主力,板块分化旗手,24275.0,2.3,矿端供给·镀锌需求·冶炼利润
LH,农产品,0.0076,0.1256,0.0076,独立运行,明显站队,独立行情,11215.0,21.77,能繁母猪存栏·出栏节奏·冻品库存
SS,黑色系,0.0039,0.2531,0.0039,独立运行,分化主力,板块分化旗手,15135.0,6.89,
AL,有色金属,0.0035,-0.002,0.0035,独立运行,中立,独立行情,4768.0,-2.34,电解铝产能·电力成本·地产竣工
